Time_on_site,Pages_viewed,Clicked_ad,Cart_value,Referral,Browser_Refresh_Rate,Last_Ad_Seen,Purchase
2.29,5.37,1,10.0,Facebook,143.14,D,1
7.49,16.36,0,25.52,Instagram,136.66,A,1
5.71,13.69,0,10.0,Google,67.13,C,0
1.23,3.22,1,41.49,Google,92.12,C,0
3.55,10.72,0,21.57,Direct,70.31,B,0
9.13,13.12,0,73.68,Direct,81.47,A,1
0.5,1.39,0,27.07,Instagram,133.75,B,0
3.93,8.07,0,258.0,Instagram,126.35,C,0
8.16,22.83,1,61.84,Google,99.59,C,0
2.83,8.84,1,14.96,Google,5.25,C,0
3.3,9.9,1,10.0,Direct,186.17,A,1
4.76,12.28,1,64.63,Facebook,118.86,D,1
8.73,25.46,0,19.93,Google,82.8,D,0
3.4,6.9,0,10.0,Google,174.99,D,0
3.89,9.59,0,43.06,Facebook,50.42,C,0
3.91,12.76,0,10.0,Facebook,52.82,C,0
10.0,21.05,0,14.33,Google,180.45,C,1
10.0,25.99,0,31.67,Direct,115.91,C,1
7.51,17.39,0,74.84,Instagram,102.95,D,1
5.97,14.33,0,27.19,Instagram,119.03,B,0
6.84,18.5,1,17.96,Instagram,127.43,D,1
8.73,20.64,1,10.45,Instagram,74.93,B,1
2.66,6.65,0,23.56,Google,29.2,C,0
7.94,17.85,0,10.0,Direct,162.79,A,0
1.87,2.96,0,22.99,Direct,112.71,A,0
3.41,8.84,1,15.65,Direct,141.7,D,0
7.27,19.77,0,10.0,Google,54.04,A,1
1.43,4.56,0,10.0,Google,117.1,C,0
4.65,11.32,0,132.88,Instagram,3.11,C,1
2.85,5.13,0,22.86,Direct,59.7,A,0
4.36,9.26,0,60.45,Instagram,91.64,C,0
0.5,1.39,1,123.86,Direct,95.24,D,1
0.57,1.4,0,10.0,Facebook,165.47,A,0
3.25,8.58,0,45.41,Google,27.9,D,0
7.32,17.0,1,118.63,Direct,94.14,A,1
4.57,15.68,0,148.62,Google,113.02,C,0
5.01,16.84,0,27.96,Facebook,151.12,C,1
6.72,13.67,0,25.77,Instagram,11.05,A,1
2.8,8.28,0,172.62,Google,126.38,D,0
5.71,15.14,0,65.89,Direct,125.5,B,1
2.99,7.49,0,100.86,Direct,-11.44,C,0
0.68,1.41,0,74.4,Direct,152.62,D,0
4.02,13.32,1,55.24,Direct,183.07,B,1
6.43,19.84,0,25.65,Facebook,73.39,B,1
5.85,10.36,0,25.64,Facebook,184.99,C,0
4.97,15.86,0,58.16,Instagram,109.71,B,0
10.0,24.81,1,88.93,Facebook,-4.22,D,1
6.03,13.28,0,10.0,Instagram,84.65,C,0
7.45,14.98,1,102.87,Direct,132.73,C,1
10.0,29.72,0,37.95,Google,116.11,C,1
1.76,4.76,0,39.11,Direct,158.64,A,0
2.4,4.96,0,75.68,Google,94.19,C,0
9.36,19.6,1,89.68,Google,11.34,A,1
3.0,6.93,0,12.68,Google,161.98,B,0
5.07,11.39,1,80.21,Direct,83.39,A,0
7.67,21.21,0,10.0,Instagram,208.79,A,1
7.23,19.44,0,62.54,Direct,104.9,A,0
9.39,20.48,0,41.43,Facebook,130.3,C,0
8.74,14.61,1,63.74,Facebook,42.49,A,1
7.67,14.07,0,91.59,Google,-21.62,A,0
3.07,9.01,0,166.11,Direct,108.25,D,1
6.99,13.99,0,31.62,Google,107.07,A,0
5.79,14.79,0,36.57,Facebook,90.45,C,0
1.68,2.73,0,21.37,Google,102.07,B,0
8.54,23.05,1,16.43,Google,125.64,B,1
7.02,24.28,0,44.42,Facebook,103.15,C,0
5.11,9.39,0,22.59,Facebook,170.32,D,0
4.42,12.26,0,27.56,Direct,112.93,A,0
2.0,5.28,1,10.0,Facebook,164.05,B,0
5.5,16.27,1,10.0,Instagram,153.1,D,1
6.17,15.02,0,122.35,Instagram,179.22,A,0
2.92,7.7,1,10.0,Instagram,112.56,C,0
7.91,20.48,0,88.46,Google,170.56,A,1
2.26,6.29,0,62.74,Direct,99.75,C,0
0.5,1.04,0,28.84,Facebook,81.55,B,0
7.6,19.73,0,11.89,Direct,47.66,A,0
3.99,11.6,1,10.0,Google,54.43,C,1
4.68,14.45,1,102.62,Google,7.02,C,1
2.91,7.99,0,56.06,Instagram,199.01,A,0
0.99,1.91,1,10.17,Google,129.22,B,1
8.14,14.02,1,10.0,Google,188.26,A,0
3.28,8.86,1,126.15,Google,73.82,D,0
9.15,18.25,0,16.45,Facebook,35.87,B,1
7.02,20.51,0,15.16,Google,104.25,A,0
4.21,9.93,0,48.62,Direct,84.45,A,0
2.29,6.87,0,36.89,Direct,156.2,B,0
3.17,11.29,0,14.96,Facebook,89.22,A,0
1.97,4.86,1,11.77,Google,84.04,B,0
10.0,24.42,0,114.62,Instagram,216.27,B,1
5.41,16.27,0,17.47,Instagram,9.09,C,0
7.88,23.88,1,10.0,Google,85.69,A,0
1.83,6.14,0,48.99,Google,134.3,A,0
5.45,14.17,1,98.98,Facebook,74.03,D,0
7.94,17.35,0,10.0,Google,75.0,C,0
4.16,10.42,0,10.0,Google,164.43,D,0
7.58,16.58,0,12.4,Google,207.74,B,1
2.29,6.0,0,59.15,Google,150.9,C,0
1.59,3.29,0,16.9,Google,66.97,A,0
5.95,17.55,1,100.89,Facebook,188.17,B,1
4.05,11.54,0,13.45,Facebook,137.93,D,0
6.61,16.97,0,43.0,Google,129.12,B,1
0.5,1.26,0,10.0,Google,19.65,D,0
6.78,16.29,1,76.44,Google,80.46,A,1
10.0,31.56,0,235.6,Google,157.22,A,1
4.94,15.28,1,56.32,Google,83.85,A,0
5.09,13.08,0,49.31,Facebook,125.06,B,0
5.45,11.29,1,16.39,Google,106.8,B,0
0.5,0.96,0,66.5,Facebook,119.85,A,0
6.07,16.04,1,34.12,Direct,86.65,C,1
0.99,2.15,0,11.62,Instagram,149.15,B,0
3.93,10.76,1,63.01,Facebook,187.01,A,0
8.11,18.7,0,41.4,Google,21.79,A,1
3.16,9.13,0,128.32,Google,86.01,C,1
6.25,16.28,0,30.43,Instagram,137.15,D,0
7.53,22.59,1,127.91,Google,164.01,D,1
5.7,7.88,0,80.17,Direct,62.58,A,0
1.57,3.75,1,10.0,Google,108.72,C,1
4.17,15.04,0,43.03,Facebook,-17.22,B,0
9.9,12.36,1,66.7,Facebook,76.7,C,0
0.5,1.46,0,10.0,Instagram,201.49,B,0
4.31,11.68,0,10.0,Direct,99.6,C,0
3.62,11.38,0,118.16,Google,2.31,C,0
5.3,12.79,0,26.61,Google,145.14,C,0
6.87,21.27,0,140.51,Google,95.26,B,0
9.02,28.04,0,16.5,Google,127.29,D,1
4.32,11.24,0,50.93,Google,119.7,C,0
7.03,13.49,0,28.89,Google,111.34,D,0
6.25,18.48,1,124.17,Facebook,59.45,C,1
6.19,12.45,0,67.32,Facebook,18.89,A,1
3.59,8.73,0,27.46,Direct,104.42,C,0
2.51,7.45,0,69.44,Facebook,145.33,D,0
2.25,6.85,0,70.69,Google,59.12,B,0
3.11,7.23,0,10.0,Direct,61.48,B,0
5.8,16.33,1,48.65,Google,123.9,D,1
6.9,11.93,0,10.0,Instagram,194.85,B,0
5.81,13.15,1,76.22,Google,187.07,D,0
3.63,11.73,0,10.0,Facebook,47.04,A,0
9.51,30.18,0,85.59,Direct,131.48,D,0
8.8,24.94,1,56.33,Google,108.94,D,1
4.11,10.0,1,212.15,Google,122.24,D,1
2.94,8.6,1,10.0,Google,95.67,D,0
5.33,13.25,0,30.71,Direct,75.22,D,0
8.17,21.11,0,27.28,Instagram,158.3,A,1
5.83,14.84,0,10.4,Google,53.63,D,0
6.39,13.5,0,26.06,Instagram,115.39,C,0
4.47,12.8,0,12.68,Google,183.6,D,0
6.14,12.07,0,10.0,Google,99.72,C,0
8.86,25.59,1,28.92,Google,130.16,D,1
4.4,8.89,1,22.9,Direct,162.03,B,0
5.36,11.46,0,35.81,Google,57.68,D,0
5.63,6.08,0,28.68,Instagram,47.58,C,0
5.71,13.83,0,127.0,Facebook,55.4,B,0
1.47,3.81,0,14.96,Google,202.48,D,0
0.5,1.46,0,103.62,Instagram,80.97,B,0
2.45,7.73,0,10.0,Google,104.11,C,0
5.42,9.51,1,30.21,Direct,70.13,B,0
6.38,19.11,1,10.0,Google,60.77,D,1
3.67,8.33,0,50.87,Google,79.16,D,0
8.44,20.8,0,111.4,Google,158.43,B,0
4.64,11.36,0,47.75,Instagram,116.14,B,0
5.05,11.49,1,58.41,Facebook,126.0,A,0
4.52,9.28,1,36.25,Instagram,78.89,C,0
5.34,14.08,0,29.18,Direct,136.7,A,0
6.76,19.65,0,183.41,Direct,119.65,C,0
6.66,12.46,0,188.34,Google,33.09,B,0
2.75,6.86,1,54.51,Google,123.4,C,1
8.81,19.25,0,85.9,Google,48.15,C,0
2.26,6.9,1,102.85,Direct,147.36,C,1
5.2,14.28,1,12.39,Google,99.61,C,0
4.31,14.04,0,81.74,Google,54.79,B,0
2.38,4.1,0,10.0,Google,125.25,D,0
4.81,14.52,0,50.8,Google,52.9,B,0
3.15,8.13,0,137.07,Facebook,118.76,C,0
5.18,11.08,0,45.27,Google,22.84,A,0
6.01,16.49,1,21.27,Direct,113.09,D,0
8.68,28.5,0,101.03,Direct,123.06,D,1
5.77,19.05,0,28.99,Google,51.0,C,0
3.47,10.11,0,91.0,Google,50.35,A,0
4.02,8.06,0,38.23,Google,55.15,A,0
5.35,14.2,1,10.0,Facebook,41.44,A,0
5.23,13.98,0,13.27,Facebook,104.7,A,0
8.65,26.99,0,75.73,Google,73.35,D,1
8.49,20.52,0,179.22,Google,55.76,D,1
4.1,10.29,1,142.14,Facebook,108.38,B,1
3.63,7.89,0,34.68,Google,30.76,D,0
0.5,1.42,0,10.29,Google,113.08,B,0
3.63,8.68,0,10.0,Instagram,163.77,C,0
2.55,6.62,1,29.39,Google,216.05,A,0
4.11,9.32,1,10.0,Google,56.17,D,1
5.98,15.09,1,112.3,Instagram,55.86,B,1
5.44,10.67,0,51.32,Instagram,32.81,A,0
4.93,12.71,0,65.7,Instagram,183.99,A,0
5.5,12.09,0,17.7,Google,190.26,C,0
4.68,13.35,0,53.62,Facebook,183.4,D,0
5.49,18.8,0,10.0,Google,67.84,C,0
0.5,1.46,0,15.47,Facebook,186.64,D,0
4.33,8.39,0,94.5,Google,87.82,B,0
4.72,10.96,1,23.24,Instagram,11.71,D,0
4.15,7.03,0,10.43,Facebook,10.34,B,0
4.46,11.17,0,12.7,Google,125.77,A,0
6.76,10.9,0,52.21,Facebook,26.73,B,0
3.5,6.66,1,43.96,Facebook,142.77,A,0
10.0,30.48,0,10.0,Google,151.41,A,0
6.72,19.7,0,101.04,Facebook,190.72,C,0
4.98,8.67,0,116.8,Facebook,76.97,A,1
4.48,10.21,0,10.0,Instagram,54.49,C,0
4.78,13.07,0,21.4,Facebook,60.95,B,0
2.71,7.31,0,63.53,Facebook,94.64,A,0
4.76,8.03,0,29.52,Facebook,67.11,A,0
5.7,14.98,0,22.1,Instagram,91.77,B,1
6.45,14.16,0,149.97,Google,156.9,A,0
6.45,19.99,0,19.22,Google,90.4,D,0
4.31,10.35,0,82.8,Google,55.79,D,0
1.46,3.91,0,22.61,Instagram,101.69,B,0
3.33,8.14,0,35.64,Google,39.81,C,0
9.03,25.59,1,160.99,Instagram,98.61,D,1
7.24,15.32,0,50.74,Google,165.4,B,1
5.92,16.79,0,20.2,Google,65.13,A,1
3.1,9.61,1,15.92,Google,57.33,B,0
5.01,17.12,1,34.1,Instagram,90.83,D,1
1.86,6.13,0,48.03,Direct,206.03,D,0
3.62,8.08,0,42.9,Direct,98.38,C,0
4.39,12.23,0,10.0,Facebook,37.88,B,0
4.1,11.89,0,27.1,Instagram,129.5,C,0
7.39,20.66,0,55.96,Facebook,130.19,B,0
1.45,4.18,0,50.39,Instagram,172.98,B,0
2.84,7.69,0,22.07,Facebook,115.24,A,0
1.56,3.48,0,39.82,Facebook,39.0,C,0
1.91,4.96,0,10.0,Google,33.36,B,0
5.31,15.52,0,10.0,Google,82.31,C,0
1.0,2.73,0,11.16,Google,163.31,C,0
6.88,13.44,0,16.95,Instagram,57.3,B,1
4.38,9.03,0,69.45,Google,119.9,B,0
5.17,11.87,1,45.35,Google,70.88,B,0
5.81,13.92,0,10.0,Direct,120.61,B,0
3.91,10.09,1,38.42,Direct,173.23,C,1
7.58,15.25,0,23.56,Direct,111.96,A,1
4.51,13.08,1,22.46,Facebook,68.82,A,1
6.49,10.19,0,80.31,Instagram,122.13,C,0
4.5,12.45,0,34.75,Direct,210.5,D,0
5.73,15.77,1,10.0,Instagram,79.61,A,1
5.7,16.08,0,12.44,Instagram,118.37,C,1
5.62,5.44,0,18.7,Google,148.44,D,0
2.56,4.68,0,20.69,Google,149.81,B,0
6.09,14.15,0,25.51,Google,138.11,C,1
4.2,10.86,0,105.46,Facebook,118.95,B,0
6.58,16.17,0,20.38,Instagram,173.85,D,1
0.5,1.05,0,42.63,Direct,159.39,B,0
1.34,4.2,1,10.0,Facebook,77.37,D,1
5.91,15.73,1,10.0,Google,122.6,B,1
9.66,22.24,0,72.95,Facebook,117.62,A,0
7.09,14.22,0,28.65,Facebook,80.5,D,1
3.29,8.35,0,19.17,Facebook,0.78,A,0
0.77,2.41,0,17.42,Direct,144.29,A,1
6.86,17.26,1,31.37,Facebook,75.9,B,0
4.8,11.92,0,10.0,Instagram,84.61,D,0
6.48,16.41,0,18.84,Direct,116.36,D,0
5.29,13.54,0,150.91,Google,54.86,C,0
5.07,12.09,1,10.0,Facebook,122.75,C,1
10.0,20.14,0,10.0,Instagram,169.5,A,0
4.98,16.27,1,10.0,Direct,111.12,D,0
4.6,12.97,0,62.46,Facebook,160.09,C,0
4.7,16.71,0,41.99,Direct,66.87,B,0
3.54,9.73,1,263.9,Instagram,126.94,C,0
7.48,17.82,1,20.17,Google,96.97,A,1
4.12,8.34,0,10.0,Google,-3.66,C,0
6.59,15.39,0,39.23,Facebook,157.46,A,1
5.71,10.99,0,10.35,Facebook,97.94,A,0
8.05,28.56,1,59.96,Facebook,122.17,B,1
6.05,15.07,0,10.0,Direct,89.79,A,0
1.97,5.69,0,21.56,Facebook,87.35,B,0
1.68,5.02,0,38.53,Facebook,85.96,D,0
8.52,25.91,1,66.65,Direct,77.9,B,1
3.48,13.13,0,78.08,Google,85.11,C,0
1.7,4.17,0,21.57,Instagram,70.6,B,0
3.33,8.01,1,35.4,Direct,67.73,C,1
8.16,21.08,0,42.1,Google,41.51,B,1
1.45,4.17,0,20.53,Google,236.16,C,0
2.83,7.34,0,64.72,Google,67.23,C,0
3.33,7.88,0,10.0,Direct,113.35,B,0
1.87,4.01,0,35.73,Google,37.96,C,0
2.04,4.31,1,28.72,Google,95.36,B,0
1.2,3.17,1,12.95,Google,53.06,B,0
3.85,7.7,1,13.66,Facebook,65.1,C,0
4.11,6.55,0,22.87,Instagram,65.09,A,0
3.29,8.42,0,97.42,Google,111.99,A,0
0.87,2.67,1,10.0,Direct,65.45,C,0
8.13,23.02,0,53.14,Google,179.11,A,1
1.68,4.18,0,28.69,Direct,106.37,B,0
5.7,15.39,0,52.76,Google,5.44,A,0
2.31,3.88,1,16.29,Google,118.74,D,1
6.67,14.38,1,89.07,Google,193.62,D,1
7.39,24.67,0,10.0,Google,114.62,D,1
2.81,8.68,1,78.57,Facebook,125.0,B,0
0.5,1.07,0,10.0,Direct,85.36,D,0
6.74,22.76,1,10.72,Google,130.92,D,0
9.69,20.75,0,10.0,Google,148.71,B,1
6.04,12.61,1,88.62,Facebook,111.95,B,0
5.4,17.65,0,68.25,Facebook,166.52,C,0
7.05,22.23,1,10.0,Direct,165.29,C,1
6.91,15.25,1,118.93,Google,122.45,D,1
2.93,7.25,0,157.77,Instagram,58.37,D,0
3.35,7.81,0,148.44,Google,74.74,A,1
6.53,17.96,0,10.0,Google,113.88,D,0
4.64,15.24,1,53.06,Google,93.76,B,0
8.29,22.93,0,10.0,Google,58.13,B,1
3.24,7.91,1,22.56,Instagram,143.07,C,1
6.88,12.56,0,182.36,Google,77.15,A,1
5.86,16.92,0,51.84,Google,48.29,B,0
4.68,8.85,0,65.64,Google,125.2,C,0
7.94,19.11,0,186.05,Google,68.81,B,1
6.7,19.96,0,10.0,Direct,52.27,B,0
2.49,7.23,0,42.95,Google,104.78,C,0
6.6,19.27,0,10.0,Direct,240.65,D,1
8.44,24.04,1,30.3,Facebook,74.82,D,1
4.67,12.03,1,103.98,Google,98.85,A,0
4.38,11.61,0,10.0,Instagram,80.92,B,0
3.33,8.47,1,36.54,Google,101.66,C,0
4.97,13.61,0,92.5,Direct,29.34,C,0
6.72,18.59,0,18.67,Facebook,86.38,A,1
2.96,7.59,0,127.72,Facebook,151.62,C,0
1.63,4.51,0,52.02,Facebook,33.95,D,0
4.06,8.76,0,10.0,Direct,174.71,A,0
1.55,3.64,0,53.05,Google,14.55,A,0
6.31,16.5,1,24.42,Google,144.86,A,1
3.93,13.62,0,10.0,Instagram,148.77,A,0
0.61,1.69,0,130.98,Google,154.41,A,0
4.13,10.04,0,189.63,Google,105.92,A,0
4.52,10.8,0,74.08,Facebook,116.11,C,0
6.12,17.59,0,93.68,Google,136.85,A,0
4.64,11.37,0,236.3,Instagram,31.7,B,0
9.67,27.26,0,10.0,Google,128.34,C,0
3.7,10.21,1,10.0,Google,58.99,B,1
4.84,9.09,0,134.38,Google,100.35,D,0
4.74,12.98,0,44.24,Facebook,170.12,C,0
4.29,11.73,1,27.46,Facebook,128.56,C,0
5.36,15.52,1,10.0,Instagram,58.47,B,1
6.35,13.22,0,10.0,Direct,179.17,C,0
8.35,25.44,1,72.33,Google,36.17,D,1
1.08,2.6,0,10.0,Direct,57.83,C,0
3.72,13.01,0,28.71,Google,148.82,A,0
3.88,13.1,0,10.0,Direct,63.71,C,0
7.34,16.13,0,68.28,Google,135.53,A,1
4.11,7.46,0,37.87,Instagram,133.45,A,0
0.5,1.42,1,14.54,Google,106.06,A,1
5.22,10.91,0,14.04,Direct,132.83,C,0
4.92,15.11,0,44.05,Direct,75.7,C,0
5.45,15.07,0,10.0,Instagram,65.2,A,0
2.4,4.25,0,50.41,Facebook,93.45,C,0
9.3,26.88,0,139.43,Facebook,99.22,C,1
4.19,10.76,1,31.06,Facebook,53.86,A,0
4.53,12.26,0,60.79,Google,2.95,D,0
2.75,8.97,0,16.26,Direct,157.99,C,0
2.67,6.51,1,37.38,Google,145.98,D,0
1.94,5.59,0,37.17,Google,105.35,D,0
4.02,8.84,0,24.59,Direct,59.58,C,0
2.61,5.77,0,10.88,Google,235.1,D,0
10.0,23.91,1,50.79,Google,153.89,B,1
0.5,1.09,0,153.35,Google,26.09,B,1
2.18,6.07,0,30.03,Direct,129.7,C,0
4.0,7.35,0,10.0,Facebook,85.88,C,0
6.68,19.48,1,21.85,Facebook,184.49,A,1
3.97,8.4,1,57.71,Google,128.21,C,0
6.69,17.99,0,33.98,Direct,43.61,D,0
2.53,4.83,0,18.34,Google,39.48,A,0
5.15,14.1,1,96.72,Instagram,33.19,C,0
9.36,28.47,0,47.88,Google,108.79,B,1
2.58,6.46,1,107.99,Instagram,17.16,B,1
6.05,19.81,0,181.0,Google,-36.18,D,1
5.52,13.41,0,46.77,Google,75.77,B,0
0.5,1.35,1,10.83,Instagram,39.16,A,0
3.53,7.19,0,43.3,Instagram,81.52,B,0
7.83,21.29,0,10.0,Facebook,-7.54,C,1
5.34,11.83,0,76.8,Google,94.1,A,0
1.97,4.21,1,10.0,Direct,100.59,A,0
6.73,22.13,0,32.62,Direct,42.56,D,1
3.8,7.09,0,63.32,Google,4.18,B,0
5.9,14.41,0,128.65,Google,96.02,C,0
5.94,16.97,1,113.1,Direct,157.43,C,1
2.2,5.77,0,10.0,Instagram,-24.28,C,0
6.97,10.99,0,222.2,Instagram,99.9,D,0
2.48,6.95,0,29.64,Google,-30.65,A,0
1.74,3.14,0,11.76,Direct,130.68,A,0
2.79,6.36,1,189.29,Google,68.35,B,1
4.13,9.83,0,100.29,Google,97.96,C,1
5.27,5.48,1,51.18,Facebook,31.22,C,0
3.07,7.51,0,47.28,Google,158.67,A,0
6.86,19.44,0,25.88,Google,142.32,D,0
5.63,13.59,1,10.0,Facebook,175.68,B,1
3.26,8.46,1,43.76,Facebook,46.4,B,0
7.22,26.22,1,32.01,Google,139.07,A,1
7.9,24.2,0,119.45,Direct,303.4,A,0
4.75,12.02,0,37.82,Google,26.15,B,0
4.46,16.93,1,68.56,Instagram,93.58,D,0
0.57,1.23,0,163.74,Direct,70.48,D,0
3.98,10.99,0,10.0,Facebook,42.22,D,0
4.27,7.31,1,36.24,Direct,130.88,D,0
5.61,15.15,1,111.77,Instagram,121.04,C,0
4.58,11.19,0,109.72,Google,12.55,A,0
5.61,14.2,0,18.85,Direct,84.28,A,0
8.84,23.72,1,48.88,Instagram,10.07,C,1
3.68,9.7,1,52.86,Direct,-19.63,C,1
3.77,7.41,0,79.6,Google,130.46,C,0
1.73,3.99,1,65.33,Google,141.96,D,0
4.98,12.46,1,61.58,Instagram,66.95,A,0
7.44,13.29,0,61.4,Google,49.96,C,0
0.62,1.81,0,23.88,Instagram,103.63,A,0
3.34,11.48,0,42.09,Google,130.14,B,0
5.09,13.5,0,77.73,Instagram,228.38,C,0
7.13,15.93,1,14.43,Google,118.9,B,1
5.96,8.04,0,21.41,Direct,191.36,B,0
5.81,10.11,0,40.57,Google,171.02,A,0
4.44,11.85,0,13.88,Google,24.14,B,0
6.2,19.43,0,30.7,Google,21.36,C,1
7.54,18.01,1,36.1,Instagram,110.19,A,0
0.73,1.28,0,10.0,Facebook,116.56,C,0
6.82,14.08,1,13.71,Google,33.81,C,0
4.75,10.52,0,10.0,Google,63.97,C,0
3.68,5.64,0,65.53,Google,78.89,A,0
0.5,1.17,1,10.0,Facebook,70.94,B,0
1.55,4.56,0,14.06,Facebook,143.25,C,0
9.25,15.34,0,63.77,Google,113.49,B,0
3.28,7.28,0,124.85,Google,155.71,B,0
2.29,3.4,0,14.53,Instagram,83.14,B,0
3.86,8.07,1,112.92,Google,55.26,A,0
3.14,7.61,1,20.69,Facebook,114.73,D,0
5.31,15.99,0,94.5,Instagram,196.58,A,0
8.79,23.98,0,35.86,Direct,175.98,C,1
3.53,6.74,0,42.57,Direct,127.9,C,0
5.39,13.72,0,31.62,Instagram,13.82,B,0
2.13,4.97,0,70.61,Google,61.35,D,0
8.8,21.94,0,24.66,Direct,69.67,D,1
5.47,13.14,0,52.03,Facebook,149.37,A,0
2.3,6.1,1,45.72,Google,239.68,C,0
7.26,18.81,0,14.43,Direct,60.71,A,1
8.0,23.47,0,76.49,Facebook,77.12,D,0
5.4,13.82,0,33.49,Direct,136.02,A,0
0.9,3.02,0,30.15,Google,131.5,C,0
9.46,26.11,1,43.21,Direct,63.21,A,1
5.78,18.71,0,98.3,Facebook,123.44,C,0
7.93,22.67,0,17.62,Facebook,193.64,D,1
3.62,7.84,0,19.94,Instagram,26.21,A,0
4.0,12.5,0,23.3,Instagram,88.6,D,0
5.28,16.31,0,10.46,Google,95.86,D,0
7.78,8.28,1,74.68,Google,185.97,D,0
5.36,11.92,0,32.0,Direct,121.38,D,0
1.86,5.99,0,10.0,Google,78.55,B,0
5.65,17.12,0,59.48,Google,19.19,C,0
9.07,16.06,1,10.0,Facebook,65.56,A,1
5.16,15.13,0,56.45,Instagram,61.11,D,0
5.32,17.91,0,24.36,Google,40.19,B,0
1.84,5.17,0,47.61,Instagram,52.41,B,0
1.49,2.63,0,13.3,Google,121.77,B,0
3.41,7.18,0,47.88,Google,96.56,A,0
4.18,11.3,1,10.0,Google,52.71,D,0
5.26,12.58,0,164.21,Instagram,89.13,B,1
5.41,17.0,1,98.57,Instagram,113.09,C,1
9.0,25.8,0,15.32,Google,55.16,A,0
5.15,17.92,0,17.65,Google,57.94,B,0
7.66,23.06,0,129.3,Instagram,116.69,A,1
4.9,13.61,0,12.88,Direct,121.5,A,0
8.62,20.2,0,36.41,Google,63.15,B,1
0.5,1.6,0,44.53,Facebook,96.5,D,0
3.5,8.77,0,14.55,Facebook,135.04,D,0
7.46,14.82,0,43.44,Facebook,123.82,C,1
4.57,11.54,0,55.79,Facebook,33.75,B,0
7.33,17.99,0,102.67,Google,88.85,A,1
5.96,11.94,1,45.09,Facebook,70.07,D,0
7.36,21.46,0,115.35,Facebook,64.7,C,0
6.53,15.87,0,41.41,Instagram,59.68,C,1
6.68,18.03,0,50.93,Instagram,21.75,A,1
8.73,18.42,0,158.61,Direct,211.7,D,1
7.47,18.05,0,85.2,Direct,97.3,C,0
7.48,21.61,0,189.2,Google,165.06,D,1
5.05,12.0,1,40.95,Google,108.27,D,1
3.55,8.22,0,14.21,Facebook,-32.18,B,0
3.35,12.04,0,105.28,Google,119.92,A,0
6.88,18.28,1,56.49,Google,202.77,D,0
0.5,1.43,0,152.85,Facebook,99.54,B,0
1.73,4.98,0,19.82,Direct,74.65,D,0
2.59,6.61,0,67.5,Google,77.13,B,1
4.38,12.11,0,27.43,Direct,87.65,B,0
0.5,1.01,0,10.0,Google,170.9,B,0
8.15,26.27,1,11.9,Google,74.36,C,1
6.5,20.3,1,14.51,Google,38.78,B,1
9.96,25.85,1,35.37,Direct,125.22,D,0
7.66,19.16,0,74.19,Google,179.23,C,0
7.58,14.24,1,137.41,Google,37.64,D,1
10.0,30.15,1,10.0,Google,219.78,D,0
3.57,8.48,0,84.47,Facebook,78.31,B,0
1.24,3.48,0,18.6,Facebook,174.12,D,0
4.42,7.86,0,25.29,Instagram,113.76,A,0
2.94,8.27,0,40.84,Facebook,143.84,A,0
4.36,10.51,0,66.36,Google,119.05,B,0
2.37,5.95,1,10.0,Facebook,93.8,C,0
6.42,11.5,0,19.52,Google,-10.73,C,0
6.28,17.84,0,29.51,Facebook,-45.39,C,1
4.93,10.82,0,42.15,Google,109.13,C,0
5.78,14.31,0,86.45,Google,88.77,C,0
4.64,13.48,0,35.02,Direct,130.49,D,0
6.88,16.91,1,11.19,Direct,12.98,B,1
5.17,18.07,0,18.62,Direct,64.47,A,0
4.34,8.89,1,51.89,Instagram,89.56,A,0
7.32,19.19,0,15.74,Instagram,156.48,C,1
8.15,22.06,0,12.35,Google,147.62,A,0
8.34,16.61,0,17.21,Instagram,27.96,D,0
2.52,6.42,0,27.78,Direct,51.7,A,0
3.66,8.8,1,18.15,Instagram,120.91,B,1
0.75,1.95,0,67.03,Direct,113.83,C,0
4.4,12.01,0,82.1,Google,113.45,C,0
6.04,19.32,1,10.0,Instagram,174.05,D,1
4.67,12.34,1,30.77,Facebook,123.59,C,0
9.83,27.26,0,15.92,Instagram,139.34,D,1
3.99,12.95,1,24.73,Google,144.6,D,0
2.28,3.89,0,10.34,Google,79.51,C,0
6.42,15.21,1,10.0,Facebook,30.68,B,1
5.37,13.54,0,50.82,Instagram,199.36,D,1
6.37,10.98,1,163.9,Google,111.15,A,1
5.76,14.62,0,66.38,Direct,62.11,B,0
5.61,7.42,0,194.19,Google,57.16,C,0
0.5,1.43,1,168.04,Google,138.13,B,0
3.18,5.61,0,21.82,Direct,19.17,C,0
3.52,6.61,1,67.02,Google,0.34,C,1
4.13,11.41,0,84.08,Google,48.95,B,0
3.88,6.46,0,31.69,Facebook,213.45,B,0
6.03,21.27,0,19.39,Google,145.32,B,0
6.5,16.63,1,135.61,Facebook,153.92,B,1
2.17,5.32,0,10.0,Instagram,85.25,D,0
6.72,20.83,0,25.3,Instagram,122.08,A,1
6.46,15.9,1,189.27,Instagram,115.33,C,1
6.16,16.15,1,10.0,Facebook,92.14,B,1
1.46,3.52,1,10.0,Instagram,97.45,D,1
6.1,13.72,1,20.86,Facebook,90.78,D,1
5.21,13.98,1,10.0,Instagram,77.19,B,1
7.4,20.45,0,44.28,Google,100.76,C,0
9.46,17.63,1,47.97,Google,71.99,D,1
8.97,18.47,1,84.4,Google,87.68,C,0
5.28,11.46,0,271.28,Direct,74.08,A,0
5.0,12.41,0,10.0,Instagram,81.75,C,0
6.58,17.59,0,45.31,Facebook,127.59,C,1
2.21,7.92,0,88.12,Direct,149.27,B,0
1.37,3.62,1,57.24,Instagram,87.01,A,0
3.82,9.21,0,10.0,Direct,122.56,B,0
8.05,17.25,0,47.72,Instagram,113.21,B,0
4.17,12.49,0,10.31,Google,123.56,C,0
8.76,21.84,1,125.78,Facebook,100.95,A,1
0.5,1.34,0,177.9,Google,87.87,C,0
1.03,2.58,0,53.26,Direct,81.34,C,0
4.69,13.02,0,39.97,Instagram,94.35,C,0
7.22,19.78,0,10.0,Direct,99.92,D,0
4.83,12.97,0,76.05,Google,37.11,A,0
4.76,11.91,0,83.56,Google,63.13,C,0
4.7,11.96,1,21.98,Direct,20.89,D,0
0.59,1.6,0,51.66,Direct,55.04,A,0
7.9,12.14,0,12.4,Google,105.35,D,0
3.29,8.18,0,129.13,Google,122.38,A,0
7.72,23.1,0,10.0,Google,8.32,D,0
4.82,10.9,0,61.68,Instagram,140.51,C,0
7.67,11.16,1,68.2,Google,126.76,B,0
5.86,10.59,0,61.31,Facebook,229.67,A,0
4.73,12.01,1,72.09,Direct,164.5,D,1
5.57,11.91,1,161.64,Google,24.34,D,0
1.32,3.38,1,27.22,Google,73.53,A,0
5.02,12.49,0,11.21,Direct,222.52,A,0
9.29,21.05,0,10.0,Google,-17.88,A,1
8.27,16.89,0,10.0,Direct,128.2,D,0
2.54,6.59,1,30.91,Google,179.87,B,0
6.26,15.88,0,10.0,Facebook,143.33,B,1
5.62,13.7,0,87.4,Facebook,89.64,B,1
7.04,20.68,0,33.33,Instagram,141.78,A,1
5.24,13.62,0,86.44,Instagram,126.19,D,0
4.42,9.72,0,52.68,Google,87.49,D,0
8.33,19.32,0,126.9,Google,130.53,C,1
5.54,13.68,0,92.14,Facebook,87.46,A,0
8.14,20.85,0,16.25,Google,160.71,B,0
7.44,23.56,0,60.6,Instagram,125.15,D,1
4.19,14.01,1,114.09,Facebook,73.72,A,0
4.58,10.38,0,36.85,Instagram,142.3,A,0
9.82,19.55,0,67.75,Google,23.08,B,1
5.48,12.21,0,10.0,Google,81.27,D,0
3.1,8.41,0,49.4,Direct,216.91,D,0
2.0,5.83,0,66.55,Google,108.39,A,0
7.44,17.07,1,40.75,Instagram,126.62,B,1
5.4,11.03,0,16.36,Facebook,115.55,D,0
3.02,8.13,1,139.98,Direct,84.6,A,1
6.69,18.8,1,30.8,Google,77.67,B,1
5.4,16.29,1,40.55,Google,66.13,C,1
0.85,1.85,0,10.0,Direct,137.87,D,0
6.47,17.24,0,84.37,Google,78.12,B,1
8.33,14.03,1,27.43,Facebook,134.6,C,0
10.0,24.47,0,20.2,Google,175.01,C,0
5.09,14.55,0,123.4,Facebook,105.93,D,0
5.58,18.09,0,14.76,Direct,94.27,C,0
9.02,23.9,0,10.0,Google,93.64,A,1
5.42,12.9,1,31.89,Google,76.43,B,0
5.69,10.22,0,68.02,Direct,78.9,C,0
3.42,8.95,1,10.0,Google,131.37,B,0
1.51,4.26,0,63.62,Direct,49.73,C,1
7.28,21.89,0,36.27,Instagram,128.57,B,0
1.82,4.76,0,56.49,Direct,55.98,D,0
7.85,15.88,0,57.37,Facebook,103.62,A,1
3.03,8.41,0,18.85,Google,-8.92,C,0
5.66,18.94,0,10.0,Instagram,140.63,A,0
4.07,9.64,0,10.0,Instagram,188.73,D,0
7.94,16.66,1,10.0,Google,71.27,B,1
5.75,13.43,1,102.18,Google,85.17,D,1
9.9,24.68,0,35.56,Google,122.59,B,1
2.29,5.13,0,19.74,Instagram,181.12,C,0
6.03,17.22,1,121.62,Instagram,139.33,C,1
5.12,13.9,0,130.84,Google,29.46,A,0
5.7,13.3,0,38.49,Google,99.27,B,0
8.99,22.39,0,40.03,Google,164.88,A,1
6.46,11.18,1,50.18,Facebook,180.72,D,0
2.13,5.67,0,59.87,Instagram,112.63,B,0
6.33,11.42,1,20.36,Google,93.74,B,1
3.96,9.35,1,67.52,Google,103.51,A,1
3.82,8.66,1,10.0,Direct,111.66,A,0
7.61,20.81,1,82.78,Google,112.82,A,0
3.49,7.96,0,56.33,Google,68.14,C,0
4.05,10.03,1,102.04,Instagram,68.34,C,1
5.08,16.5,0,48.48,Google,177.4,D,1
7.37,12.63,0,45.75,Instagram,40.38,D,0
6.45,16.5,0,13.18,Google,64.99,C,0
4.41,12.94,1,26.94,Facebook,158.19,C,1
4.32,9.44,0,76.42,Direct,54.4,C,0
2.1,5.27,0,35.49,Google,72.68,C,0
3.1,5.64,1,67.77,Instagram,100.91,B,1
3.36,5.7,0,196.91,Google,29.31,C,0
4.63,13.24,0,30.3,Instagram,277.95,A,0
9.97,23.29,1,11.61,Instagram,16.49,A,1
3.31,6.1,0,29.37,Google,152.82,D,0
4.26,9.64,0,20.53,Facebook,178.18,D,0
0.5,1.4,0,11.89,Instagram,70.13,C,0
6.5,18.05,0,227.33,Instagram,87.01,D,1
1.06,3.19,0,30.08,Google,59.41,C,0
2.73,6.14,0,196.99,Google,57.39,B,0
7.61,16.63,0,61.82,Facebook,143.15,C,1
0.5,1.33,0,24.04,Facebook,64.99,A,0
5.24,15.72,1,10.0,Direct,12.44,B,1
7.0,16.19,1,25.06,Instagram,107.33,D,1
8.81,26.26,1,18.65,Instagram,109.25,A,0
2.7,6.3,0,30.69,Facebook,117.38,D,0
3.44,12.1,0,42.21,Direct,4.28,A,0
9.51,15.6,0,49.41,Instagram,221.86,B,1
4.94,16.13,0,10.0,Direct,143.49,D,0
3.16,5.53,0,48.27,Facebook,51.78,A,0
3.21,9.98,0,39.28,Direct,42.99,D,0
2.57,6.53,0,10.0,Direct,85.03,C,0
3.9,8.87,0,11.46,Instagram,164.6,C,0
7.72,15.79,1,37.86,Google,140.74,C,0
7.22,14.7,0,54.04,Google,65.7,D,0
2.06,5.86,0,10.0,Facebook,110.47,B,0
5.54,15.12,0,54.43,Google,176.34,B,0
3.99,9.61,0,18.8,Google,103.2,D,0
6.96,17.3,0,88.47,Facebook,23.12,D,1
4.61,9.51,0,24.59,Direct,68.33,C,0
5.93,14.43,1,84.08,Google,47.36,C,1
4.6,13.55,0,13.36,Instagram,62.51,C,0
0.5,1.02,1,67.04,Direct,113.99,D,1
5.12,14.13,0,38.23,Direct,153.59,C,0
1.82,4.13,0,51.87,Facebook,71.54,D,0
6.87,11.92,0,30.3,Google,122.44,D,1
3.3,10.0,0,212.04,Instagram,149.99,C,0
3.49,6.32,1,59.37,Facebook,92.74,C,0
4.98,11.29,1,24.61,Google,11.72,B,0
6.44,19.56,0,67.51,Direct,43.11,B,0
4.58,9.64,0,66.42,Instagram,116.03,C,0
9.11,27.05,0,10.0,Google,52.52,A,1
9.12,20.76,1,13.17,Facebook,22.81,B,1
9.29,22.79,1,62.08,Direct,-1.44,C,1
4.41,15.19,0,22.92,Google,204.02,B,1
1.3,3.97,0,26.1,Facebook,17.92,C,0
8.05,20.47,1,34.29,Facebook,126.92,C,1
3.96,8.6,1,75.38,Direct,181.34,C,1
5.1,12.81,0,31.26,Facebook,135.65,D,0
6.57,21.85,1,16.27,Facebook,132.73,A,1
0.99,3.55,0,56.87,Google,63.58,D,0
9.07,19.87,1,99.9,Google,41.7,C,1
7.19,23.16,0,36.86,Facebook,150.88,C,1
5.88,10.06,1,60.33,Google,105.25,D,0
7.23,20.19,0,90.03,Instagram,120.76,D,1
6.39,17.18,0,10.0,Direct,82.73,C,1
5.29,15.98,1,45.75,Google,105.62,C,1
4.23,8.82,0,65.5,Instagram,180.74,B,0
3.15,8.11,0,10.0,Direct,16.78,D,0
5.72,8.97,0,30.35,Instagram,162.4,C,0
5.9,12.9,0,10.0,Facebook,102.31,A,0
7.71,19.2,0,31.11,Direct,176.63,B,0
5.5,14.29,0,10.0,Google,142.5,B,0
2.87,11.17,1,67.35,Instagram,72.54,C,1
1.06,2.38,0,85.93,Google,168.66,D,0
4.68,11.75,1,88.03,Google,154.75,D,0
4.93,9.49,1,82.3,Google,89.68,C,0
4.75,7.4,0,10.0,Google,39.92,A,0
1.17,3.46,0,17.2,Google,72.78,A,0
7.69,22.7,0,13.69,Instagram,107.86,C,1
7.68,13.92,0,32.56,Direct,74.17,A,0
2.94,4.87,0,126.06,Facebook,161.63,C,0
7.01,15.31,0,10.33,Facebook,85.16,B,0
7.38,24.61,0,77.41,Direct,202.52,B,1
5.1,8.95,1,21.94,Facebook,174.38,A,1
2.63,7.47,1,10.0,Instagram,174.72,C,0
9.03,23.18,1,22.08,Google,121.51,C,0
5.95,13.98,0,11.65,Google,141.18,B,0
4.37,9.61,0,11.36,Google,135.75,B,0
6.93,18.18,1,217.26,Direct,65.3,B,1
9.06,21.23,0,17.77,Facebook,157.04,C,0
3.76,8.64,0,80.35,Facebook,155.93,D,0
6.73,16.12,0,10.0,Direct,215.99,C,1
9.86,30.12,0,10.0,Direct,125.39,D,0
2.21,5.76,0,47.23,Instagram,125.25,D,0
3.63,9.19,1,57.68,Direct,138.58,A,0
3.51,11.19,0,51.62,Direct,0.19,C,0
4.6,10.89,0,102.64,Google,124.0,D,0
4.48,14.39,0,12.81,Google,118.27,B,0
5.75,12.44,0,19.41,Google,75.63,C,0
2.95,8.16,0,41.38,Instagram,86.9,A,0
3.44,8.05,1,10.0,Google,20.58,A,0
5.75,14.19,1,36.88,Google,-2.07,D,0
5.39,11.74,0,47.04,Google,93.15,A,0
7.19,16.9,0,31.93,Facebook,175.2,A,1
6.02,12.95,0,76.04,Facebook,50.18,D,0
6.93,18.72,0,85.06,Direct,147.61,D,0
2.14,4.47,1,15.72,Google,90.72,D,0
4.04,11.19,1,15.45,Google,101.72,D,1
9.62,35.34,0,10.0,Instagram,138.44,A,0
5.98,10.3,1,225.18,Google,83.39,A,1
6.87,9.02,0,10.0,Instagram,89.51,A,0
5.68,11.4,0,10.0,Google,49.67,D,0
6.06,17.41,0,38.15,Google,143.33,A,1
4.42,9.48,1,83.29,Direct,118.59,D,0
10.0,27.89,0,10.0,Google,182.02,C,1
4.01,11.93,0,15.48,Google,81.81,A,0
4.9,11.64,1,133.05,Facebook,158.51,D,1
0.5,1.47,0,35.77,Google,64.31,A,0
7.77,10.6,0,10.0,Google,203.78,A,0
3.62,10.56,1,12.41,Google,94.18,C,0
4.85,14.06,1,68.82,Facebook,95.9,B,0
3.68,9.02,1,30.6,Google,118.13,D,0
4.65,13.97,0,43.02,Google,196.72,C,0
4.29,13.81,0,62.24,Google,148.33,B,0
4.89,16.96,1,10.23,Google,167.2,C,0
4.87,16.89,0,88.5,Google,149.13,A,0
4.61,11.66,0,10.0,Instagram,143.33,B,0
4.58,11.13,0,10.0,Facebook,108.5,C,0
8.27,20.36,0,115.43,Google,68.1,A,1
7.2,8.38,1,10.0,Facebook,170.18,D,1
7.22,20.57,1,37.25,Facebook,138.3,B,1
3.17,11.64,0,13.18,Instagram,91.94,D,0
8.14,22.66,0,54.54,Direct,56.16,B,0
7.83,14.01,1,110.89,Direct,8.04,B,1
3.62,7.24,0,94.17,Google,47.32,C,0
8.81,17.89,0,69.96,Instagram,54.24,B,0
3.29,10.96,1,53.38,Google,102.65,B,0
0.5,1.38,0,167.34,Google,35.35,D,0
7.75,21.86,0,10.05,Instagram,51.39,D,1
4.7,12.58,0,49.27,Google,105.84,D,0
7.44,14.47,0,130.97,Instagram,135.21,C,0
3.11,6.32,0,11.44,Instagram,-5.22,C,0
1.85,5.24,1,17.37,Instagram,62.49,C,1
8.08,20.55,0,72.87,Google,53.98,B,1
1.48,2.33,1,71.7,Google,99.06,A,0
1.1,3.17,0,52.36,Instagram,166.43,C,0
0.5,1.6,1,10.0,Direct,93.26,B,0
0.5,1.25,0,31.56,Instagram,38.74,A,0
2.4,5.63,0,54.71,Google,95.56,D,0
0.5,1.59,0,81.69,Google,66.64,B,0
4.91,11.8,1,93.22,Google,175.53,C,1
0.5,1.1,0,59.19,Google,82.92,D,0
2.26,3.92,1,42.76,Direct,115.1,B,1
10.0,22.54,0,20.93,Direct,33.29,D,0
5.86,20.13,0,66.35,Google,18.77,C,1
5.13,15.82,0,21.72,Instagram,6.32,C,0
0.95,2.43,0,36.19,Facebook,93.09,A,0
4.39,10.95,1,10.0,Facebook,46.01,A,1
5.12,15.33,0,10.0,Facebook,191.85,B,0
0.99,2.52,1,18.53,Direct,73.19,B,0
5.32,9.93,1,31.22,Google,122.04,C,1
7.98,20.52,0,42.16,Google,76.47,B,1
4.13,10.69,0,11.25,Direct,122.85,D,0
4.51,11.3,0,37.72,Google,89.39,B,0
0.5,1.31,0,50.69,Instagram,37.7,C,0
1.5,3.23,1,29.62,Google,56.35,B,0
7.64,19.7,1,39.09,Instagram,95.22,C,1
3.35,5.68,0,20.08,Facebook,41.94,B,0
2.68,5.46,0,14.46,Google,74.38,A,0
3.27,7.77,1,74.75,Google,141.69,A,1
4.86,13.6,0,17.5,Google,80.48,B,0
2.1,4.95,0,10.0,Instagram,103.51,C,0
5.32,14.46,1,69.42,Google,87.99,A,0
1.6,4.82,1,17.71,Google,45.97,C,0
6.94,25.73,0,15.95,Google,32.01,B,1
2.36,5.55,0,23.93,Direct,142.17,D,0
8.3,18.08,0,31.06,Facebook,149.33,D,1
4.97,12.53,0,81.66,Google,38.17,C,0
2.89,7.5,0,10.0,Facebook,143.9,B,0
7.28,20.18,0,38.04,Google,103.69,A,0
1.56,4.54,0,10.0,Google,123.67,D,0
3.63,8.57,0,10.0,Direct,201.56,C,0
5.0,14.32,0,52.98,Facebook,-3.59,A,0
4.7,11.94,0,131.39,Google,76.69,D,0
0.5,1.56,1,10.0,Facebook,114.97,C,0
2.7,6.37,0,15.78,Google,142.55,B,0
5.42,13.93,1,10.0,Google,45.75,B,1
1.7,4.48,1,10.0,Google,132.88,D,0
8.17,25.04,0,44.78,Instagram,108.17,D,1
6.24,15.58,0,106.45,Facebook,175.24,B,1
3.71,7.36,0,10.0,Google,72.16,C,0
4.45,7.35,0,44.18,Google,134.41,A,0
9.65,29.13,0,10.0,Instagram,98.79,C,1
7.34,20.7,0,26.22,Google,56.78,C,0
5.95,19.82,0,17.25,Google,65.98,A,0
1.46,3.72,1,10.0,Google,65.82,B,1
9.07,23.08,0,20.28,Direct,93.95,B,0
7.63,19.76,1,62.89,Google,109.83,A,1
4.63,10.33,1,10.0,Facebook,72.22,D,1
3.63,7.79,0,26.78,Google,144.83,B,0
4.53,12.32,1,45.02,Google,84.47,C,0
2.0,6.17,0,163.8,Direct,160.79,A,0
3.82,10.71,1,13.03,Instagram,111.12,D,0
6.91,15.61,0,44.13,Google,107.31,A,1
0.5,1.36,0,10.0,Instagram,79.69,C,0
4.21,10.91,0,14.41,Facebook,146.33,B,0
5.28,11.72,0,36.13,Google,4.91,B,0
5.26,9.93,1,35.04,Direct,125.91,A,0
2.05,4.28,1,300.0,Direct,136.65,C,0
2.04,6.33,0,10.8,Direct,143.3,D,1
7.72,20.29,0,49.95,Direct,109.32,A,0
1.94,4.26,0,10.0,Instagram,250.55,D,0
7.52,19.09,0,106.32,Facebook,108.18,D,1
3.79,10.64,0,10.0,Google,1.81,D,0
7.7,17.17,1,32.15,Instagram,100.05,D,1
3.95,8.36,1,67.26,Google,110.49,A,0
2.08,3.36,0,38.85,Facebook,60.33,A,0
7.14,21.74,0,17.62,Direct,181.49,A,1
4.96,13.85,0,93.8,Instagram,86.43,B,0
8.62,24.44,0,76.48,Facebook,48.17,A,1
7.23,20.11,1,113.6,Google,108.68,C,1
4.43,6.58,0,44.28,Instagram,107.94,D,0
3.88,9.9,0,29.54,Instagram,124.21,A,0
5.06,13.78,0,83.08,Facebook,-32.02,D,0
5.48,13.88,0,57.53,Facebook,58.88,D,0
2.8,3.7,1,14.69,Google,119.35,B,0
7.1,17.32,0,20.96,Direct,158.13,D,0
4.01,9.5,0,44.22,Google,114.89,A,0
3.94,11.9,0,10.0,Google,59.97,B,0
3.65,8.93,0,10.0,Google,92.76,C,0
5.58,12.49,0,28.7,Facebook,148.06,B,0
3.27,7.32,1,14.57,Google,138.39,B,0
5.34,15.27,0,83.64,Google,136.81,B,0
10.0,28.36,0,30.75,Facebook,166.3,B,1
4.87,11.64,0,79.83,Instagram,177.15,A,0
3.91,9.01,0,17.08,Google,43.34,C,0
0.83,1.12,0,10.0,Facebook,66.8,C,0
5.13,7.58,0,160.09,Facebook,164.05,B,0
2.23,4.64,0,20.35,Instagram,22.63,A,0
4.06,9.86,1,49.44,Google,149.46,A,0
5.38,11.32,0,27.27,Instagram,25.24,C,0
0.67,1.17,0,67.26,Facebook,156.69,C,0
5.39,13.38,0,50.82,Google,105.98,B,0
5.76,14.34,0,46.51,Google,108.25,A,0
1.76,5.54,0,10.24,Instagram,118.96,A,0
4.02,9.33,0,59.33,Google,53.62,C,0
0.5,1.19,0,48.92,Direct,166.58,B,0
8.94,19.14,0,26.63,Instagram,159.55,D,0
5.83,22.15,0,19.99,Instagram,0.86,D,0
4.55,12.84,1,90.74,Instagram,194.68,B,0
4.59,9.58,0,10.0,Direct,53.64,D,0
7.83,11.86,0,57.46,Google,31.27,A,0
4.76,8.84,0,20.09,Facebook,37.95,D,0
5.83,11.89,1,22.9,Instagram,135.21,D,0
8.8,16.0,0,28.26,Google,-65.8,D,0
4.13,10.09,0,115.84,Facebook,73.69,C,1
2.27,4.52,0,10.0,Google,70.46,C,0
2.94,4.99,0,10.0,Facebook,78.35,B,0
8.57,24.16,0,52.91,Google,27.23,D,0
5.23,9.04,1,10.0,Direct,98.04,D,0
3.74,4.58,0,59.43,Google,103.5,C,0
7.43,22.07,0,48.19,Facebook,75.81,C,1
7.49,25.45,1,68.95,Facebook,154.87,D,1
3.81,9.6,0,10.0,Direct,50.37,A,0
2.57,7.31,0,21.1,Instagram,88.4,D,0
1.07,3.04,1,21.01,Facebook,119.27,C,0
0.52,1.89,1,10.0,Google,19.83,C,0
4.34,8.7,0,10.17,Google,-7.26,B,0
2.77,6.29,0,32.34,Google,110.28,A,0
9.65,22.0,0,10.0,Instagram,143.64,B,1
5.15,13.01,0,10.31,Google,189.14,D,0
0.5,1.2,0,46.98,Instagram,96.07,C,0
8.55,21.02,0,16.89,Direct,101.78,A,0
5.4,13.9,0,22.73,Facebook,63.94,A,0
6.76,23.59,1,22.77,Direct,117.28,C,1
6.71,17.68,1,13.6,Facebook,36.79,C,1
5.74,16.73,0,20.01,Direct,128.7,B,0
6.31,17.88,0,12.62,Instagram,94.18,C,0
5.6,14.99,0,27.47,Google,58.73,A,0
2.23,5.29,0,11.88,Google,123.32,A,0
5.92,17.17,0,10.0,Direct,134.37,C,0
7.56,12.28,0,74.15,Facebook,213.02,D,1
4.47,14.63,1,109.52,Google,108.37,A,1
6.38,18.07,0,115.23,Instagram,87.16,D,1
6.05,15.43,1,13.42,Direct,115.34,B,1
9.54,23.79,0,80.99,Google,115.89,B,0
4.37,11.4,0,28.99,Google,101.94,B,0
4.27,12.41,0,14.69,Instagram,225.99,C,0
4.71,12.86,0,10.0,Instagram,166.38,A,0
4.74,15.1,0,10.0,Google,148.97,D,0
0.5,1.68,0,34.7,Instagram,108.85,C,0
3.39,10.34,0,49.89,Google,108.82,A,0
5.75,10.09,0,73.44,Direct,74.55,C,0
4.98,11.15,1,69.45,Instagram,21.64,A,1
3.0,8.97,0,88.28,Google,97.52,B,0
3.34,11.9,1,12.96,Google,100.08,B,0
4.11,9.07,0,75.0,Google,79.16,C,0
3.0,8.39,0,10.0,Direct,155.18,D,0
3.72,11.58,1,52.23,Direct,119.69,A,0
3.65,9.32,1,95.09,Facebook,109.26,D,0
7.24,13.69,0,10.0,Facebook,123.24,C,0
7.54,26.22,0,236.31,Direct,40.1,C,0
7.33,15.15,0,10.0,Facebook,85.27,A,0
6.07,12.92,1,51.58,Google,49.56,B,0
3.23,8.51,1,10.0,Facebook,150.04,A,0
7.4,18.7,1,300.0,Google,68.25,C,1
4.21,8.6,0,10.0,Instagram,34.38,D,0
5.06,16.88,1,204.33,Direct,114.75,C,1
8.35,23.04,0,26.27,Google,162.31,B,1
5.21,15.38,0,10.06,Google,33.4,D,0
5.62,13.92,0,14.72,Facebook,153.22,C,0
1.47,3.67,1,43.41,Instagram,91.23,B,1
6.22,19.66,1,10.0,Google,66.3,B,1
2.55,5.71,0,105.45,Direct,173.15,D,1
7.53,17.48,0,21.15,Google,160.34,A,0
4.54,12.4,1,14.25,Google,40.61,D,1
0.5,1.48,0,29.86,Instagram,160.84,B,0
4.1,12.12,1,10.0,Instagram,113.22,C,1
4.43,8.99,0,113.25,Instagram,115.42,C,0
6.21,12.17,1,242.36,Facebook,59.7,A,1
6.68,13.86,0,24.45,Direct,81.2,C,0
4.18,12.3,1,10.0,Facebook,180.51,A,0
7.53,22.15,1,234.33,Facebook,67.8,B,1
0.5,1.33,1,85.56,Instagram,171.68,D,1
3.22,8.51,1,48.11,Google,238.55,A,0
2.22,3.72,0,94.29,Google,64.86,D,0
1.86,4.96,0,58.2,Direct,128.39,A,0
7.4,12.68,0,52.45,Instagram,153.64,B,1
7.07,20.6,0,10.0,Direct,109.13,A,1
3.06,7.17,1,88.42,Facebook,19.46,D,0
7.95,20.83,0,110.18,Google,105.94,B,1
5.25,12.57,0,56.38,Direct,134.09,A,0
3.95,9.71,1,10.0,Instagram,144.84,B,1
3.27,6.35,0,30.86,Google,50.98,C,0
3.05,7.38,0,158.09,Google,119.67,B,0
6.18,15.26,0,110.79,Direct,118.81,C,1
6.63,17.25,0,97.21,Direct,181.75,B,1
5.6,15.51,0,37.75,Instagram,155.55,D,0
0.5,1.37,0,10.0,Facebook,119.83,C,0
5.74,15.13,0,25.55,Google,176.95,A,1
6.41,13.94,0,74.93,Instagram,135.61,D,0
3.33,6.16,0,88.44,Google,77.83,D,0
5.11,10.21,0,144.78,Facebook,125.43,A,0
0.5,1.05,1,33.34,Google,101.95,B,0
1.93,5.63,0,53.61,Facebook,128.0,C,0
4.19,12.73,0,10.0,Instagram,208.12,A,0
4.23,8.88,0,49.38,Direct,74.84,D,0
5.88,11.29,0,39.77,Facebook,140.0,C,0
2.03,3.43,1,24.24,Google,179.1,B,0
4.15,9.07,0,10.0,Google,214.15,B,0
3.78,10.22,0,10.0,Direct,154.57,D,0
6.32,12.36,0,29.31,Google,84.16,D,0
8.55,26.45,0,35.86,Google,54.19,B,0
9.3,24.96,1,10.0,Instagram,57.28,C,0
1.08,3.27,1,15.76,Google,-20.63,C,0
4.88,10.26,1,64.6,Instagram,121.43,B,1
2.22,6.34,1,76.84,Instagram,87.89,B,0
4.84,9.41,0,64.01,Direct,96.44,A,0
6.06,17.24,0,16.42,Facebook,80.83,C,0
5.2,16.76,0,171.73,Google,103.0,C,1
4.88,15.67,0,19.85,Instagram,77.94,C,0
8.71,19.46,0,94.29,Instagram,96.09,C,1
6.8,14.01,0,57.73,Direct,91.9,D,0
4.32,10.44,0,26.72,Google,116.68,D,1
5.06,16.63,0,20.26,Facebook,180.41,B,0
7.18,13.05,0,46.83,Instagram,130.27,A,0
6.52,11.37,0,13.13,Direct,110.27,B,0
3.94,5.82,0,30.28,Instagram,40.9,A,0
0.56,1.43,1,44.93,Direct,91.8,B,0
2.04,3.36,1,67.75,Direct,171.79,D,1
5.36,16.61,0,12.52,Google,93.02,B,1
0.53,1.77,1,10.0,Direct,198.44,B,0
4.62,11.23,0,10.34,Facebook,152.7,D,0
3.87,14.29,0,50.65,Google,44.54,B,0
7.5,19.62,0,81.38,Google,87.97,B,0
1.7,3.83,1,12.34,Google,127.16,C,0
0.5,1.12,0,41.16,Google,149.2,C,0
3.95,12.71,1,24.69,Facebook,90.4,B,1
6.59,19.08,0,10.0,Direct,77.36,A,1
7.67,11.4,0,10.0,Instagram,159.32,C,0
2.73,4.25,0,10.0,Facebook,139.68,A,0
6.18,10.9,0,33.12,Facebook,184.75,B,0
2.22,4.9,1,66.05,Google,74.07,A,0
3.13,5.79,0,10.0,Instagram,33.3,D,0
6.42,13.59,0,16.18,Google,156.88,B,1
6.8,14.19,0,10.0,Instagram,131.08,D,0
2.5,4.85,0,10.69,Google,87.86,A,0
6.19,22.03,0,48.22,Instagram,50.32,C,0
0.5,1.6,0,28.75,Instagram,56.97,A,0
4.49,15.23,0,14.24,Google,71.87,C,0
2.16,7.23,0,16.07,Direct,7.06,B,0
2.98,7.35,0,10.0,Google,155.06,D,0
1.81,4.62,1,50.76,Direct,135.87,B,0
6.38,13.0,1,75.17,Google,74.13,A,0
6.38,16.44,0,43.47,Direct,58.92,A,1
3.27,6.54,1,25.79,Facebook,97.8,A,0
5.94,10.09,0,10.0,Direct,234.73,C,0
5.65,11.96,1,64.96,Google,118.45,A,0
4.68,13.74,0,10.0,Google,112.19,D,0
10.0,25.48,1,13.58,Facebook,53.67,B,1
2.9,8.12,0,60.62,Google,57.35,A,0
5.04,12.63,0,10.0,Direct,180.82,C,0
4.04,8.25,0,38.19,Instagram,76.52,B,0
4.07,11.23,0,10.0,Instagram,118.14,D,0
5.4,13.75,1,48.37,Facebook,93.43,B,0
4.26,13.47,1,133.22,Direct,86.03,C,0
2.85,9.05,1,27.45,Facebook,77.11,C,1
5.31,12.49,0,10.0,Facebook,136.88,C,0
7.96,20.37,0,10.0,Facebook,40.62,C,1
7.36,15.1,0,140.19,Google,149.35,D,1
5.51,11.4,0,31.6,Direct,100.17,A,0
3.16,6.99,1,118.42,Google,26.32,A,1
5.47,15.01,1,26.52,Instagram,53.84,A,1
7.71,17.27,0,18.33,Instagram,77.95,B,0
7.98,26.11,1,16.08,Google,51.66,D,1
5.9,16.14,0,35.68,Instagram,39.63,C,0
4.09,9.67,0,68.98,Direct,119.45,B,0
4.49,13.51,0,46.2,Google,184.42,B,0
6.93,14.78,0,48.58,Direct,109.21,D,0
6.72,14.63,0,10.0,Instagram,67.07,B,0
0.61,1.92,1,45.08,Instagram,80.55,A,0
6.65,12.27,1,12.21,Google,91.3,B,1
6.78,16.44,0,77.12,Google,114.32,D,1
2.78,6.43,0,10.61,Instagram,197.69,B,0
3.09,6.59,0,17.82,Google,120.04,B,0
3.11,9.3,0,10.0,Google,158.43,D,0
3.3,9.67,0,117.6,Google,116.86,D,0
1.46,4.14,1,13.19,Instagram,109.78,B,0
5.78,14.52,1,10.0,Direct,78.33,B,1
3.04,8.56,1,15.25,Google,82.39,D,0
4.82,7.23,0,25.02,Google,159.36,D,0
3.76,8.63,0,10.33,Google,144.75,C,1
5.64,14.2,0,31.88,Facebook,158.01,D,0
2.47,5.45,0,212.99,Facebook,110.72,A,0
5.61,14.55,0,165.16,Facebook,78.95,A,0
5.97,22.05,0,10.0,Direct,165.88,B,0
7.07,18.07,0,65.93,Google,51.99,D,0
9.92,26.84,0,13.22,Google,64.66,B,0
0.5,1.3,0,155.36,Google,110.92,B,0
5.8,11.03,1,26.98,Instagram,112.31,A,0
3.23,5.67,1,23.85,Facebook,46.87,D,0
0.5,0.84,1,201.14,Google,89.18,B,0
7.1,18.76,0,36.53,Direct,60.21,A,1
8.33,12.33,0,10.0,Instagram,240.83,B,0
4.02,11.34,0,43.18,Instagram,101.21,D,0
5.53,13.26,1,65.68,Direct,174.24,D,0
4.84,13.19,0,60.12,Google,109.7,A,0
6.09,11.18,1,67.78,Direct,128.06,D,0
7.2,23.59,0,71.12,Google,79.98,C,0
5.86,14.48,0,141.65,Facebook,143.24,D,0
5.86,9.11,0,44.73,Facebook,192.97,A,0
8.15,25.4,0,38.12,Instagram,138.0,C,0
4.59,8.55,0,80.17,Direct,80.06,B,1
7.31,13.8,0,10.0,Direct,63.44,D,0
2.94,5.6,0,22.85,Instagram,158.36,C,1
9.02,21.15,0,48.53,Google,52.0,C,0
6.84,19.12,0,26.31,Direct,71.28,D,0
3.99,11.09,1,65.18,Google,140.44,A,0
0.5,1.88,1,39.24,Direct,125.73,A,1
5.0,10.84,1,67.37,Google,36.8,D,1
2.05,4.65,0,76.69,Direct,91.51,A,0
5.75,10.45,0,35.42,Google,106.46,D,0
8.63,16.84,0,67.21,Instagram,151.17,C,0
5.4,16.53,0,10.0,Facebook,98.05,D,0
4.55,10.24,0,23.31,Instagram,43.43,D,0
5.86,15.96,1,73.92,Instagram,198.27,A,0
5.71,14.38,0,10.0,Facebook,162.21,B,0
0.5,0.99,1,14.64,Google,64.27,C,0
5.6,11.7,1,20.16,Direct,112.54,C,0
6.55,10.23,0,98.65,Instagram,161.31,C,0
4.35,10.44,1,10.0,Direct,29.42,D,0
7.45,18.91,0,12.86,Google,126.99,B,1
4.68,10.99,0,30.75,Google,72.43,D,0
6.92,20.73,0,27.53,Google,59.25,D,0
10.0,18.38,0,28.61,Google,89.88,D,1
4.76,12.01,1,21.43,Google,90.9,C,0
0.5,1.0,0,10.0,Instagram,75.9,C,0
4.16,11.19,1,29.93,Google,20.0,A,0
0.69,1.41,0,20.13,Instagram,69.68,B,0
6.53,18.97,1,63.66,Facebook,86.86,D,1
8.27,23.32,1,188.88,Facebook,63.61,D,1
6.74,17.97,1,48.51,Google,85.08,B,0
5.8,15.25,0,50.69,Instagram,125.31,A,1
3.39,8.95,0,10.0,Instagram,156.72,A,0
8.94,23.84,1,50.39,Google,67.3,C,1
6.88,19.04,0,29.31,Direct,100.79,C,1
5.71,13.26,0,10.0,Direct,94.49,B,0
5.51,10.69,0,119.01,Google,156.58,B,0
5.28,13.08,1,30.65,Instagram,83.92,D,1
6.13,16.9,1,145.42,Direct,119.61,B,1
3.47,9.55,1,71.12,Google,72.9,A,1
8.81,29.66,1,45.62,Direct,24.33,A,1
5.38,12.11,1,157.18,Direct,113.11,A,1
6.5,11.67,0,10.0,Instagram,17.89,C,0
3.92,8.72,0,32.22,Facebook,140.5,D,0
5.94,13.59,0,37.56,Google,96.51,D,0
0.5,1.05,0,25.24,Instagram,54.93,C,0
2.2,4.37,0,78.9,Facebook,83.81,C,0
4.92,11.97,1,16.75,Google,28.9,C,0
1.69,4.18,0,15.03,Direct,44.98,B,0
10.0,19.81,1,10.0,Facebook,96.1,D,1
0.83,1.6,0,68.86,Google,210.64,A,0
5.86,15.75,1,21.55,Instagram,67.56,A,1
9.14,25.0,0,10.0,Google,144.21,B,1
6.2,12.97,0,38.09,Google,14.98,B,0
4.22,10.2,0,138.76,Google,121.04,B,1
3.62,9.95,0,172.93,Direct,48.62,D,0
6.68,17.14,0,14.54,Google,159.14,B,1
3.0,9.84,0,26.87,Facebook,26.63,C,0
4.7,8.6,0,10.64,Instagram,169.78,D,0
6.73,11.58,0,34.11,Direct,129.9,C,0
4.23,12.1,1,43.4,Facebook,-23.77,D,1
5.22,13.96,1,28.97,Instagram,62.32,B,0
4.24,9.44,0,34.37,Direct,74.27,B,0
2.58,7.84,0,54.57,Facebook,41.29,D,0
7.97,17.36,0,22.7,Google,135.12,D,0
8.48,23.38,0,80.08,Direct,188.54,D,0
4.21,10.14,1,76.95,Direct,175.05,D,0
4.34,9.16,0,10.5,Google,230.03,D,0
4.56,10.42,0,28.67,Direct,-1.33,D,0
6.35,19.59,1,134.6,Instagram,18.63,A,1
2.74,6.31,0,10.0,Instagram,91.92,A,0
4.78,15.55,0,10.0,Facebook,153.22,A,1
5.66,14.58,1,51.83,Google,141.21,B,0
6.61,15.68,1,49.51,Instagram,97.83,D,1
0.5,1.0,1,33.8,Google,113.39,A,0
6.01,17.05,0,112.06,Instagram,116.52,C,1
5.86,15.27,0,45.2,Instagram,235.14,B,0
7.52,18.5,0,48.74,Facebook,176.51,C,0
3.68,9.39,0,91.27,Google,107.37,C,0
3.7,9.04,1,10.0,Facebook,57.32,A,1
8.01,15.23,0,63.77,Google,-5.96,C,0
1.09,3.09,0,10.0,Google,136.7,A,0
9.07,31.11,0,24.17,Google,95.36,A,1
10.0,33.49,0,35.77,Facebook,164.29,C,1
6.19,15.81,0,58.55,Google,145.84,C,0
7.04,16.7,0,10.0,Google,77.59,A,0
1.28,3.24,1,78.12,Instagram,170.85,D,1
3.26,7.15,1,54.65,Instagram,235.92,B,0
7.64,20.19,0,10.0,Google,33.62,B,0
5.9,15.87,0,50.3,Instagram,104.92,B,0
4.55,8.63,0,62.71,Google,107.16,D,0
5.58,13.04,0,32.92,Facebook,139.51,A,0
6.27,18.41,1,28.91,Google,195.46,D,1
4.27,12.59,0,75.23,Google,68.2,C,0
4.93,9.22,0,97.16,Instagram,124.47,A,0
4.91,14.96,1,10.0,Google,-23.33,D,0
2.37,5.58,0,10.0,Google,126.21,D,0
5.81,14.44,1,92.92,Facebook,115.43,C,0
9.51,23.0,0,137.97,Direct,129.34,B,1
9.33,13.46,0,28.78,Facebook,76.79,B,0
1.31,3.55,0,39.11,Google,175.52,D,0
6.43,10.9,0,10.0,Google,107.68,A,0
6.69,19.5,0,17.2,Google,28.6,A,0
3.97,7.35,0,62.36,Google,68.47,B,0
2.59,7.85,0,33.13,Direct,134.92,D,0
1.7,4.44,0,83.92,Facebook,141.63,A,0
3.89,10.9,1,16.26,Direct,75.38,B,1
5.88,12.58,0,27.94,Instagram,96.45,B,0
4.6,7.35,0,83.86,Google,77.17,C,0
3.47,6.98,0,94.89,Direct,2.54,D,1
1.88,4.99,0,27.62,Google,98.57,C,0
5.88,16.03,0,30.71,Instagram,49.63,B,1
7.67,15.87,0,13.52,Google,56.22,A,0
2.68,8.48,0,27.71,Instagram,80.38,D,0
6.12,15.24,0,34.4,Google,54.85,D,0
0.5,0.84,0,18.3,Instagram,46.75,B,0
3.36,8.84,0,10.0,Direct,140.98,D,0
6.82,14.42,1,22.52,Google,24.19,A,1
2.21,6.42,1,46.43,Google,58.57,C,1
3.49,9.11,0,10.0,Instagram,61.36,B,0
8.54,22.01,0,92.79,Instagram,141.3,C,0
3.17,7.46,0,39.26,Google,141.41,A,0
2.87,8.77,0,19.07,Facebook,193.98,D,0
6.44,13.17,0,33.1,Direct,82.42,A,0
9.89,26.38,0,12.32,Facebook,94.94,C,1
4.4,11.09,1,17.69,Google,59.0,C,0
6.92,13.73,1,10.65,Direct,63.02,C,1
8.36,20.6,1,30.83,Google,189.75,D,1
5.81,11.78,1,22.38,Facebook,49.86,D,0
4.33,15.23,1,21.34,Direct,110.24,D,1
2.81,8.45,1,110.92,Direct,109.96,D,1
1.44,2.42,0,17.59,Google,104.01,D,0
7.78,17.7,0,11.18,Facebook,72.88,C,0
5.45,15.29,0,10.0,Facebook,172.83,B,0
8.33,25.72,1,10.0,Facebook,152.34,A,1
7.47,21.94,0,19.2,Direct,79.54,B,0
3.46,11.94,1,50.88,Google,198.31,B,0
2.03,5.22,0,52.25,Google,146.93,C,0
6.03,18.95,1,235.43,Instagram,108.07,D,1
3.42,6.57,0,124.25,Instagram,24.1,A,1
5.94,17.44,0,10.0,Google,127.05,D,0
3.17,7.6,0,95.11,Facebook,134.56,C,0
2.85,6.91,1,10.0,Google,111.06,C,0
4.65,14.83,0,28.25,Google,95.47,B,0
7.34,21.89,0,34.88,Instagram,101.98,C,0
5.77,13.93,0,145.52,Direct,115.1,A,0
7.95,30.0,1,42.06,Google,115.33,B,1
1.92,6.0,1,81.55,Instagram,136.24,B,0
2.36,5.37,1,178.28,Google,41.06,C,1
4.78,6.16,1,86.86,Direct,107.02,A,0
10.0,26.39,0,12.5,Google,80.45,B,0
6.69,15.41,0,12.0,Google,125.94,C,0
2.33,5.1,0,19.83,Google,10.9,C,1
4.81,10.83,0,97.33,Google,115.4,B,0
5.55,14.3,0,55.23,Facebook,110.89,B,0
3.58,11.3,0,27.33,Google,128.33,D,0
6.53,13.13,0,19.36,Google,210.37,C,0
4.61,11.36,0,21.09,Instagram,9.74,D,0
4.25,10.2,0,48.42,Google,116.73,B,0
8.15,17.02,0,10.0,Instagram,62.43,D,1
0.73,1.92,0,10.0,Instagram,173.53,D,0
2.6,8.79,0,81.33,Instagram,105.17,C,0
2.96,8.3,1,10.0,Facebook,121.31,C,0
2.88,7.3,0,90.68,Facebook,73.83,B,0
3.18,7.25,0,19.48,Google,50.75,A,0
6.22,15.7,0,166.77,Facebook,118.15,B,1
7.74,12.71,1,10.0,Google,128.65,D,1
7.29,18.01,0,10.0,Google,32.71,D,1
2.45,5.89,1,84.4,Google,111.99,C,0
4.73,12.96,0,14.81,Google,99.04,C,0
6.13,18.23,1,10.0,Direct,107.53,C,1
5.6,16.09,0,110.74,Facebook,87.92,D,1
8.26,20.12,0,54.54,Instagram,78.92,B,1
3.31,7.42,0,10.0,Google,42.24,B,0
5.39,11.79,0,10.0,Google,75.51,D,0
4.02,8.47,0,67.59,Direct,123.78,C,0
5.63,12.34,1,108.64,Instagram,196.63,C,0
2.3,5.62,0,33.08,Google,125.09,D,0
2.68,5.06,0,168.75,Facebook,9.13,B,0
3.17,8.64,1,27.14,Facebook,155.8,A,0
3.59,8.78,1,138.16,Facebook,118.24,C,1
8.87,18.47,0,19.2,Instagram,163.9,A,1
7.94,17.31,0,36.85,Facebook,196.77,B,1
4.47,13.05,0,10.0,Instagram,162.76,C,0
5.43,16.04,1,62.49,Google,116.34,A,0
1.01,3.75,0,51.95,Direct,100.22,C,0
4.55,12.67,1,18.95,Direct,151.95,A,0
5.4,11.67,1,10.0,Google,82.09,B,0
7.86,16.82,0,132.3,Google,94.44,B,0
5.82,15.67,1,30.08,Instagram,151.24,A,0
6.08,17.66,0,42.85,Facebook,148.64,A,1
5.74,18.4,0,24.34,Google,73.38,C,0
5.67,11.7,0,24.31,Instagram,140.89,C,0
1.51,3.85,0,10.89,Google,55.24,D,0
3.96,7.6,1,34.18,Google,73.92,D,0
8.59,23.1,0,113.65,Direct,131.42,A,1
7.06,14.07,0,217.09,Instagram,209.42,A,0
6.24,20.13,0,72.43,Direct,156.18,B,0
5.17,10.91,1,195.52,Facebook,112.5,B,1
6.65,18.65,0,49.15,Google,17.1,A,0
2.64,6.79,0,10.45,Facebook,76.22,D,0
1.05,2.65,0,101.59,Google,109.17,D,0
4.04,6.46,0,95.89,Instagram,120.03,D,0
6.34,15.57,0,30.47,Instagram,87.39,C,1
5.27,10.59,0,44.59,Facebook,14.68,A,1
7.53,16.63,0,39.16,Google,70.74,B,1
5.88,16.13,1,46.52,Direct,93.34,D,0
5.11,19.73,0,65.69,Facebook,60.16,D,0
8.32,28.69,1,63.04,Facebook,126.27,B,1
7.83,21.6,0,84.84,Facebook,49.85,D,0
4.75,12.8,0,10.0,Instagram,90.08,B,0
2.24,5.21,0,39.64,Direct,77.76,D,0
2.73,5.46,0,10.0,Direct,1.87,B,0
4.6,12.51,0,58.61,Google,79.48,A,0
4.08,9.3,0,90.9,Facebook,94.99,A,0
9.14,30.89,0,55.94,Direct,151.37,B,1
0.8,2.86,0,47.42,Google,131.17,A,0
4.84,17.28,0,17.95,Instagram,106.58,A,1
2.33,5.09,0,111.1,Instagram,85.37,C,0
5.29,11.89,1,26.83,Google,122.13,C,0
5.96,11.28,1,153.57,Google,114.2,A,1
3.99,11.26,0,174.67,Facebook,5.62,B,0
6.33,13.11,0,14.17,Google,32.7,A,0
4.5,9.9,0,64.8,Instagram,-12.03,C,0
4.55,9.36,0,10.0,Direct,152.57,B,0
3.96,8.79,1,117.66,Instagram,-37.46,C,0
6.63,22.05,0,10.0,Facebook,207.26,C,1
5.35,6.77,0,10.0,Facebook,133.18,C,0
8.93,24.68,0,89.96,Facebook,94.29,A,1
8.18,17.14,1,10.66,Google,136.36,B,0
6.38,23.44,0,31.52,Facebook,52.06,D,0
0.5,1.46,1,11.36,Direct,60.04,B,1
1.29,2.57,0,50.3,Facebook,118.58,D,0
7.47,16.38,0,60.73,Google,77.17,B,1
3.81,8.44,0,27.08,Instagram,93.02,D,0
5.59,17.18,0,66.25,Google,65.37,D,0
3.42,11.46,1,10.0,Direct,74.92,B,0
6.29,16.22,0,97.49,Google,102.4,A,1
7.39,17.96,0,65.53,Direct,169.77,D,1
1.98,5.97,1,10.0,Facebook,106.53,B,0
2.97,7.46,1,11.67,Facebook,71.06,D,0
0.84,2.3,0,22.36,Google,127.56,A,0
5.58,14.58,1,52.85,Instagram,61.98,D,1
0.84,1.76,1,60.63,Google,84.85,D,0
4.08,13.0,0,136.92,Google,215.28,C,1
6.3,13.88,0,20.6,Google,55.0,C,0
10.0,34.69,1,26.01,Instagram,118.94,A,1
5.92,18.3,0,60.6,Google,83.84,C,0
8.13,21.12,0,22.62,Google,71.63,B,1
5.65,10.61,0,57.18,Direct,84.26,C,0
5.77,19.27,0,40.77,Instagram,-0.43,C,1
4.47,11.89,0,10.0,Google,45.17,A,0
4.04,11.91,1,26.63,Facebook,134.68,B,1
7.94,25.7,0,10.0,Facebook,87.0,C,0
5.94,11.52,1,81.09,Facebook,34.26,A,1
5.84,15.66,0,140.25,Direct,8.46,D,1
3.48,8.04,0,106.07,Direct,74.76,C,1
4.14,11.0,0,25.87,Direct,85.05,B,0
10.0,27.29,1,10.76,Google,94.95,C,1
4.83,8.06,1,25.22,Direct,163.26,D,0
8.32,19.84,0,15.46,Instagram,65.72,D,0
3.7,9.41,0,148.21,Google,96.02,A,0
7.0,13.12,1,48.07,Instagram,107.04,A,0
5.72,12.21,0,34.13,Google,6.2,A,0
3.99,10.23,1,39.85,Google,137.98,A,0
6.62,18.83,0,10.0,Instagram,73.06,B,0
1.14,2.77,0,122.25,Google,113.14,C,0
6.44,13.84,0,10.0,Instagram,84.89,A,0
6.97,13.92,0,22.19,Instagram,148.26,A,0
5.68,13.19,0,24.21,Direct,105.87,A,0
8.28,17.39,0,82.12,Google,134.7,B,1
4.83,13.51,1,16.03,Google,122.2,B,1
4.63,12.15,0,36.97,Google,82.5,A,0
5.89,12.8,0,83.11,Facebook,49.21,C,0
7.17,18.74,0,145.47,Direct,28.34,B,1
6.42,23.55,0,22.83,Instagram,-34.49,A,0
4.43,12.75,1,26.6,Google,119.82,D,0
2.51,6.6,0,10.0,Direct,53.6,D,0
6.66,19.03,0,16.9,Direct,163.26,B,0
3.03,9.48,0,45.32,Facebook,106.22,B,0
2.95,5.14,1,22.67,Facebook,162.0,D,0
3.36,7.69,0,10.0,Facebook,141.29,A,0
5.14,11.27,1,10.0,Direct,102.77,A,0
3.01,6.55,1,10.0,Google,76.59,A,0
2.16,7.69,0,15.22,Instagram,124.29,B,0
3.35,9.24,0,41.84,Instagram,87.07,C,0
4.54,13.89,0,29.3,Direct,30.75,B,0
6.14,16.26,0,29.92,Google,63.25,C,0
5.17,20.03,0,69.07,Direct,95.44,C,0
2.3,3.44,0,12.63,Instagram,116.12,C,0
5.57,12.58,0,132.27,Facebook,38.5,B,0
5.81,13.24,0,10.0,Direct,63.08,B,0
3.86,8.98,0,94.18,Facebook,150.7,B,0
3.01,8.9,0,56.48,Facebook,52.8,B,0
3.01,7.66,0,10.0,Facebook,49.97,B,0
3.67,10.37,0,10.0,Facebook,167.84,C,0
10.0,30.21,0,10.0,Direct,115.06,B,0
2.78,7.26,1,23.19,Google,45.01,C,0
5.66,16.23,1,36.13,Google,129.51,A,0
3.21,7.33,1,45.26,Instagram,85.51,A,1
3.74,8.13,1,25.65,Direct,96.97,D,0
3.23,6.65,1,10.0,Direct,71.46,C,1
7.0,17.8,1,21.92,Direct,81.32,B,1
5.95,12.03,1,42.0,Direct,154.39,B,1
4.68,9.19,1,95.16,Instagram,158.44,C,1
6.26,17.68,0,26.92,Google,228.21,A,0
6.86,13.96,0,13.72,Instagram,44.96,D,0
2.87,8.0,0,93.72,Facebook,155.66,A,0
6.37,14.89,0,29.89,Facebook,106.76,C,0
3.21,7.09,0,120.56,Google,121.61,A,0
7.09,20.96,0,27.39,Direct,72.91,C,1
6.85,20.53,0,10.0,Google,136.31,B,1
6.01,15.67,1,45.66,Direct,58.41,B,0
4.48,14.34,1,78.08,Instagram,165.62,D,0
3.68,6.11,0,67.54,Instagram,43.61,A,0
4.34,13.2,1,139.33,Google,79.03,D,1
6.92,14.52,0,10.0,Direct,96.76,C,0
3.29,7.86,0,149.72,Direct,37.82,A,0
5.12,13.73,0,12.29,Facebook,140.89,A,0
0.63,1.36,0,34.23,Facebook,175.07,B,0
5.65,14.01,0,106.13,Facebook,122.79,D,0
2.41,5.51,0,20.19,Facebook,58.66,B,0
1.7,4.07,0,19.35,Instagram,27.99,D,0
6.3,22.37,1,45.47,Instagram,220.18,A,1
5.53,8.68,0,10.0,Facebook,249.72,A,0
3.89,9.31,0,240.56,Instagram,149.64,A,0
4.24,11.45,0,26.62,Google,151.95,C,0
10.0,19.34,0,10.0,Google,139.33,D,0
4.51,10.91,1,102.94,Google,64.35,D,1
4.5,11.92,0,10.0,Google,115.24,C,0
6.63,17.77,0,104.85,Facebook,83.94,C,1
5.22,15.19,0,16.3,Google,106.29,A,0
7.47,22.77,0,25.62,Google,208.02,B,0
5.69,13.29,1,16.56,Instagram,75.19,D,0
6.9,17.56,0,10.0,Google,67.73,C,0
6.11,10.94,0,152.55,Direct,36.61,B,1
6.61,16.36,0,10.0,Direct,109.39,C,1
4.89,8.68,0,10.0,Direct,67.72,D,0
5.56,13.92,0,69.98,Google,15.91,C,0
4.32,12.59,0,65.14,Instagram,77.35,C,0
6.51,17.62,0,20.95,Google,97.13,C,0
1.63,4.16,0,10.0,Direct,103.04,D,0
6.82,19.79,0,10.0,Google,91.69,D,0
7.5,22.75,0,10.0,Instagram,62.24,C,0
6.85,14.3,0,46.29,Facebook,105.34,C,0
4.74,14.66,0,14.52,Direct,104.58,B,0
6.26,13.29,0,16.5,Google,51.42,A,1
3.06,6.97,0,164.82,Facebook,104.58,D,0
7.09,20.31,1,114.95,Facebook,137.71,C,1
2.25,5.83,0,10.0,Direct,66.77,C,0
6.48,16.14,0,46.89,Direct,69.06,B,1
6.33,16.38,1,14.12,Facebook,70.29,B,1
6.02,18.99,0,10.0,Instagram,137.29,C,0
3.88,9.84,1,10.0,Instagram,15.93,C,0
6.9,19.82,1,10.0,Instagram,95.57,A,1
0.5,1.43,1,81.3,Google,25.58,C,1
6.94,24.61,1,10.0,Google,123.73,D,1
5.48,17.49,0,10.0,Google,93.66,B,0
7.63,21.76,1,46.37,Google,152.06,B,0
5.5,15.73,0,131.21,Google,62.23,B,1
9.6,24.8,0,10.0,Google,144.42,C,0
2.65,6.4,0,65.32,Facebook,67.71,A,0
6.52,16.27,1,22.95,Google,68.69,A,0
2.78,7.0,0,28.56,Google,60.21,D,0
4.68,10.66,0,23.51,Google,82.49,B,0
6.86,15.72,0,48.62,Direct,95.81,A,1
6.56,16.2,0,10.0,Direct,49.95,D,0
10.0,23.38,0,10.0,Google,75.5,B,1
4.12,9.9,0,20.5,Instagram,145.75,C,0
8.22,19.85,0,10.0,Google,102.57,D,1
4.36,12.89,1,103.24,Direct,167.96,C,0
3.25,9.41,0,238.21,Google,128.11,B,1
0.94,2.84,1,167.41,Facebook,115.98,C,1
5.41,16.88,0,37.58,Instagram,102.31,D,0
3.7,7.91,1,79.65,Facebook,134.47,C,0
7.12,17.9,0,179.99,Instagram,102.36,A,1
3.68,9.75,1,61.85,Google,121.48,A,0
3.81,10.36,0,128.24,Google,133.01,A,1
5.89,16.23,1,10.0,Google,64.38,B,0
9.3,29.86,0,147.99,Google,197.25,D,1
2.28,5.07,0,10.0,Direct,134.47,B,0
7.54,19.73,0,10.0,Facebook,32.84,B,0
7.19,13.59,1,199.2,Google,169.11,B,1
4.45,12.05,0,223.89,Google,42.45,D,0
6.69,11.4,0,10.0,Direct,146.36,B,1
4.29,11.5,1,26.49,Google,39.29,B,0
10.0,31.2,0,50.53,Google,35.94,B,1
4.72,13.27,0,95.26,Instagram,104.17,C,0
5.2,10.24,1,23.24,Direct,168.43,C,0
4.19,8.84,1,123.84,Google,103.94,B,0
0.77,2.15,1,10.0,Direct,76.2,C,0
4.34,10.61,0,10.0,Direct,42.77,D,0
5.58,7.87,0,26.01,Instagram,157.05,C,0
8.75,28.08,0,37.55,Facebook,125.16,D,0
6.23,16.15,1,126.54,Facebook,72.94,A,0
4.53,8.08,0,112.11,Google,92.23,C,1
5.15,13.48,0,28.33,Direct,160.12,B,0
5.82,20.99,0,99.75,Direct,171.3,D,0
4.05,9.83,0,10.0,Facebook,126.68,A,0
6.71,16.22,1,11.94,Instagram,96.65,B,1
9.06,19.75,0,35.85,Direct,69.23,C,0
4.09,11.55,0,10.0,Instagram,67.86,C,0
8.02,21.05,1,70.64,Google,183.77,C,0
7.19,20.9,0,38.31,Google,108.11,B,0
6.34,13.56,0,10.0,Instagram,116.12,D,0
5.28,15.12,1,35.76,Google,187.08,C,0
5.84,11.17,1,34.4,Instagram,1.17,C,0
4.46,12.25,0,50.97,Facebook,196.18,D,0
9.59,20.18,0,10.0,Facebook,53.04,C,0
3.2,8.07,1,23.04,Google,29.34,D,1
7.84,13.49,1,82.31,Google,37.92,C,0
8.87,22.62,0,10.0,Google,25.81,D,0
4.19,10.44,0,50.9,Direct,142.3,B,0
7.91,13.74,1,20.87,Instagram,129.96,A,0
5.36,18.04,1,56.25,Google,151.37,D,0
5.16,14.49,0,17.3,Facebook,47.63,C,0
4.81,9.41,0,117.17,Facebook,128.69,B,0
0.97,1.93,0,17.92,Google,117.81,D,0
6.37,15.13,1,93.54,Direct,89.5,C,1
8.61,19.08,0,10.0,Facebook,154.99,C,1
3.24,7.95,0,197.0,Instagram,63.52,D,0
7.12,10.08,0,22.51,Facebook,-13.45,C,0
4.79,16.02,0,35.05,Google,152.77,A,0
2.27,4.86,0,90.88,Direct,137.84,D,0
7.49,23.28,0,10.0,Facebook,75.66,A,0
9.22,22.26,0,10.0,Facebook,100.48,D,1
3.01,11.23,1,20.63,Direct,96.77,D,0
5.54,16.23,0,24.64,Direct,81.95,D,1
1.4,4.25,0,83.43,Google,117.74,B,0
4.89,15.16,0,12.73,Instagram,105.05,B,0
6.22,15.8,1,83.15,Google,85.43,D,1
9.38,24.16,1,66.44,Direct,95.23,C,0
8.89,21.68,0,84.68,Direct,28.1,A,0
9.11,24.41,1,90.5,Google,65.48,C,0
3.68,9.35,0,67.79,Instagram,67.1,D,0
4.39,11.76,0,10.0,Google,94.35,D,0
0.84,1.77,0,32.34,Direct,104.89,B,0
3.21,7.36,1,76.42,Instagram,136.72,C,0
1.37,3.81,0,12.98,Google,90.71,B,0
5.91,14.85,1,83.45,Google,67.63,A,1
3.26,8.93,1,57.29,Direct,146.43,D,1
2.25,6.37,0,77.25,Facebook,133.19,A,0
4.11,12.1,0,10.0,Instagram,94.78,D,0
2.04,5.6,0,40.48,Instagram,53.36,D,1
5.77,13.76,1,67.1,Facebook,166.12,A,0
5.71,11.81,1,40.01,Google,70.12,B,1
4.21,12.96,0,10.0,Direct,122.43,B,0
3.17,6.83,0,146.6,Direct,55.86,B,0
1.65,4.13,0,50.19,Facebook,129.67,C,0
6.39,21.14,1,35.41,Facebook,83.54,C,1
5.57,11.72,0,21.82,Google,129.73,C,0
6.16,14.56,1,14.34,Instagram,80.63,D,1
4.23,10.84,0,35.74,Direct,184.4,A,0
4.46,7.16,0,10.0,Google,98.22,B,0
8.6,16.91,1,141.42,Facebook,109.85,A,1
3.5,10.94,1,10.0,Facebook,129.24,D,1
4.22,11.5,0,18.94,Instagram,181.23,B,0
6.86,19.98,0,87.61,Google,88.91,C,1
5.76,15.13,0,160.64,Facebook,57.15,A,0
0.5,0.76,1,36.37,Direct,98.5,D,1
0.78,1.55,0,66.58,Google,18.22,A,0
3.35,4.64,1,138.28,Google,30.72,C,1
7.28,20.52,0,10.0,Google,195.88,C,0
6.68,25.75,0,10.0,Facebook,106.46,A,1
6.3,10.81,0,79.91,Direct,101.63,C,1
6.57,19.94,0,33.36,Facebook,63.39,B,1
2.58,7.85,0,61.79,Direct,14.74,D,0
6.5,16.86,1,25.07,Google,158.25,C,1
2.7,4.89,1,10.0,Google,110.68,B,0
7.37,15.23,1,10.0,Instagram,46.85,B,1
3.72,5.55,1,117.07,Google,73.19,A,0
5.7,13.9,0,88.64,Instagram,65.66,A,0
0.5,1.3,0,83.1,Instagram,119.59,A,0
1.63,4.74,0,13.15,Direct,170.16,B,0
7.73,18.53,1,175.43,Google,32.86,A,1
6.73,13.97,0,107.0,Facebook,114.72,C,0
1.96,4.21,0,34.86,Instagram,77.72,B,0
8.21,19.99,0,161.89,Google,44.16,A,0
2.27,6.03,0,64.8,Facebook,55.71,B,0
5.05,16.14,0,10.0,Google,185.64,C,0
3.8,13.39,0,175.38,Google,20.03,A,1
2.69,6.72,1,40.92,Google,89.89,A,0
7.92,15.53,0,10.0,Google,94.17,C,1
9.21,28.69,0,22.61,Google,73.94,A,1
5.45,20.58,1,26.31,Google,140.52,B,1
8.81,18.72,0,92.43,Facebook,131.38,C,1
4.3,9.67,1,10.0,Google,153.38,B,0
5.27,12.86,1,52.22,Google,184.15,C,0
5.33,13.38,0,114.01,Google,156.13,C,0
2.11,4.56,1,53.47,Google,123.76,A,0
6.25,11.29,0,24.38,Google,13.49,A,0
6.77,19.01,1,31.27,Direct,72.8,A,1
4.57,11.11,1,131.87,Google,129.02,B,0
0.77,2.36,1,10.0,Instagram,126.47,D,1
5.92,16.41,0,29.87,Direct,39.25,B,0
1.21,3.65,1,45.05,Facebook,74.66,D,1
2.97,7.52,1,10.0,Facebook,136.04,B,0
5.33,15.19,0,46.13,Google,85.26,B,0
3.08,6.57,0,10.0,Google,115.45,C,0
5.63,15.5,1,188.19,Google,114.96,D,1
4.43,13.33,1,16.55,Google,93.0,D,0
0.92,2.92,0,34.1,Google,136.57,C,0
5.42,12.75,0,227.25,Google,75.65,B,0
6.47,18.11,0,16.0,Facebook,96.22,B,0
7.53,23.75,1,32.94,Google,93.69,D,1
4.08,7.03,1,56.46,Facebook,36.54,A,0
4.85,11.25,0,123.41,Google,9.45,D,1
1.26,3.52,0,28.34,Instagram,75.37,C,0
9.91,23.38,0,18.0,Google,-2.44,D,0
8.76,19.04,1,27.18,Google,176.37,C,1
4.92,13.39,1,26.11,Direct,139.25,B,1
4.69,10.63,1,41.2,Instagram,110.59,A,0
0.5,1.27,0,10.0,Google,114.06,C,0
7.59,13.12,0,10.0,Instagram,28.42,D,0
6.41,14.55,1,10.0,Google,225.22,A,0
7.03,18.6,0,16.09,Instagram,149.65,C,1
3.99,9.79,0,19.18,Instagram,96.38,D,1
3.83,9.5,0,172.44,Direct,126.78,A,1
1.91,5.09,0,12.27,Google,36.04,B,0
6.95,21.2,0,39.35,Direct,77.67,D,1
8.13,19.38,0,101.49,Google,109.9,D,1
7.81,19.48,0,67.14,Instagram,37.12,C,0
5.47,13.91,0,10.0,Direct,41.97,A,0
4.18,9.48,0,23.31,Facebook,57.05,A,0
2.37,5.01,1,54.71,Facebook,81.54,A,1
3.25,9.5,1,10.0,Google,166.01,C,0
6.17,11.87,1,153.18,Google,119.84,A,1
4.29,12.02,0,13.16,Google,119.25,D,0
9.1,21.85,0,33.38,Google,19.98,B,1
7.88,18.41,0,10.0,Facebook,75.34,B,1
3.5,9.32,0,10.0,Google,32.23,D,1
1.96,5.38,1,21.1,Instagram,114.07,A,0
3.63,7.21,0,10.0,Google,77.32,C,0
7.66,19.06,0,13.81,Facebook,161.08,B,1
3.69,8.43,0,33.79,Google,92.69,A,0
6.36,13.59,1,42.27,Facebook,60.66,B,0
3.59,5.23,1,89.6,Google,158.85,B,0
5.86,17.16,0,14.49,Google,98.37,D,0
6.32,18.64,0,76.71,Instagram,43.35,D,0
7.46,14.34,1,200.49,Facebook,16.6,B,0
8.58,21.04,0,133.19,Direct,93.73,B,1
8.28,15.66,0,10.0,Direct,122.46,D,0
3.67,8.55,0,28.29,Google,105.87,B,0
4.63,10.12,0,53.33,Google,65.97,C,0
2.07,6.57,1,10.0,Instagram,99.34,D,0
4.41,8.02,0,25.52,Google,51.19,A,0
5.06,8.14,0,118.96,Facebook,55.77,D,0
3.99,9.28,0,96.7,Google,5.46,B,0
3.74,8.82,1,10.0,Facebook,84.47,D,1
7.58,26.41,0,73.88,Instagram,131.91,D,0
7.27,15.42,0,74.09,Direct,92.28,D,0
6.0,19.43,0,10.0,Instagram,95.25,A,0
1.81,4.97,0,53.15,Facebook,182.56,D,0
5.5,18.31,0,71.05,Google,189.41,C,0
4.04,10.66,0,11.33,Google,70.27,B,0
8.29,14.05,0,66.34,Google,107.89,A,0
0.5,1.02,1,100.08,Google,210.12,C,1
3.6,10.0,0,38.59,Facebook,37.85,C,0
3.53,7.27,1,10.0,Instagram,18.7,B,0
3.83,14.17,0,138.15,Facebook,63.32,B,0
7.39,11.73,0,30.31,Facebook,77.38,B,0
0.5,1.09,0,70.52,Facebook,173.49,A,0
4.48,12.26,1,82.86,Google,53.2,A,0
7.13,17.9,0,55.52,Direct,45.73,D,1
7.45,16.88,0,10.0,Instagram,256.81,C,1
3.63,11.7,0,128.55,Facebook,75.76,B,0
3.3,8.38,0,93.05,Instagram,118.1,D,0
5.87,17.83,1,44.22,Google,117.16,C,1
5.38,12.32,0,40.46,Facebook,143.81,D,0
5.17,15.63,1,20.1,Direct,105.86,A,1
0.5,1.31,1,126.63,Google,55.77,C,1
2.18,3.69,0,38.59,Google,107.99,B,0
2.84,5.38,0,39.28,Google,126.06,D,0
6.61,20.25,0,48.87,Google,95.74,D,0
1.4,3.5,0,24.86,Google,90.41,C,0
2.38,7.32,0,19.74,Instagram,157.16,A,0
4.61,13.22,0,74.5,Google,47.33,A,0
1.78,3.46,0,70.82,Google,138.13,B,0
6.61,12.59,0,44.43,Google,114.52,A,0
4.02,9.85,0,55.21,Facebook,137.27,B,0
9.58,24.77,1,46.13,Facebook,80.26,B,1
3.43,7.37,0,30.61,Google,138.05,C,0
3.56,9.81,0,85.73,Direct,118.14,B,0
7.01,16.78,0,10.0,Google,73.23,C,1
3.36,7.13,0,78.17,Google,21.13,C,0
8.78,23.07,0,13.74,Instagram,-8.77,C,0
6.21,13.52,0,10.0,Direct,93.28,A,0
4.24,7.52,0,140.86,Direct,58.21,A,1
4.6,15.11,0,47.16,Instagram,76.31,B,0
10.0,15.16,0,48.06,Google,60.87,D,1
6.22,10.4,0,123.02,Direct,92.06,B,0
5.38,15.67,0,12.35,Facebook,94.62,A,0
4.67,12.29,0,35.68,Direct,147.24,B,0
7.59,16.83,0,300.0,Google,55.52,C,1
1.2,4.18,0,23.82,Google,123.93,D,0
4.55,10.47,0,118.6,Direct,43.08,A,0
0.5,1.22,0,58.69,Google,-35.64,D,0
3.67,9.19,1,51.7,Google,121.1,D,1
7.12,19.98,0,10.0,Google,48.57,B,1
8.46,24.06,0,73.56,Direct,159.19,D,0
6.51,20.73,0,10.0,Facebook,64.42,D,1
6.6,14.96,0,10.0,Google,81.05,B,0
0.71,1.76,0,82.4,Facebook,24.64,A,0
3.3,7.77,0,33.86,Google,132.67,A,0
8.69,15.94,0,35.85,Instagram,130.95,A,1
3.69,8.62,0,39.18,Google,116.44,C,0
4.66,12.43,0,10.32,Google,132.36,D,0
2.99,7.64,0,13.47,Direct,35.58,C,0
2.67,8.57,0,114.33,Instagram,109.2,D,0
3.82,9.94,1,37.3,Direct,57.11,A,0
3.35,6.71,1,38.85,Google,164.12,D,0
7.39,16.58,0,10.0,Instagram,75.44,B,0
5.54,11.59,0,79.46,Google,135.49,C,0
7.55,16.6,0,67.26,Instagram,129.33,D,0
1.53,3.76,1,11.15,Google,33.22,B,1
8.06,23.23,1,36.85,Google,45.32,A,0
5.05,14.82,1,110.92,Google,99.87,C,0
9.6,19.61,0,10.0,Instagram,157.87,C,0
4.87,13.19,0,47.68,Google,101.97,C,0
1.27,3.12,0,48.39,Google,146.94,A,0
8.21,19.08,0,10.0,Google,86.68,A,0
4.66,10.09,0,60.61,Instagram,80.62,D,0
0.5,1.07,1,10.0,Direct,145.56,C,0
5.36,11.98,0,14.85,Google,136.8,A,1
5.58,16.86,1,126.62,Facebook,50.71,C,0
7.69,22.84,0,62.94,Direct,144.16,C,1
0.5,1.46,0,22.03,Google,144.65,D,0
7.87,10.73,0,23.94,Instagram,32.01,D,1
3.81,11.91,1,10.0,Direct,132.39,D,1
9.82,26.03,1,10.0,Facebook,96.0,D,1
0.7,2.07,0,107.31,Google,163.88,D,0
6.36,15.36,1,10.0,Facebook,211.27,D,0
6.03,15.63,1,73.52,Facebook,163.59,D,1
3.94,12.49,1,10.0,Google,42.09,B,1
3.07,9.22,0,42.12,Facebook,-17.0,A,0
4.07,8.28,0,11.01,Google,65.18,C,0
4.13,8.69,1,151.37,Google,179.32,C,0
1.87,5.08,0,183.96,Direct,139.94,D,0
7.48,19.45,0,22.19,Google,50.84,D,0
2.27,4.66,1,86.17,Instagram,104.29,B,1
7.56,18.68,1,16.83,Facebook,126.84,D,0
0.53,1.14,0,69.16,Google,78.88,C,0
4.56,12.72,0,10.0,Direct,111.45,C,0
4.59,16.71,0,51.02,Google,19.07,D,0
4.96,10.15,0,156.15,Google,-3.98,A,1
7.39,20.11,0,10.1,Google,87.57,D,1
4.49,12.18,0,10.0,Facebook,124.24,C,0
3.86,9.25,0,29.54,Instagram,54.87,D,0
4.5,10.41,0,159.42,Google,69.12,C,0
7.45,17.35,0,29.44,Facebook,151.92,B,0
1.99,3.51,1,11.76,Instagram,51.16,C,1
2.45,3.7,0,10.0,Google,145.5,C,0
0.5,1.03,0,22.57,Direct,156.19,A,0
10.0,21.98,0,66.64,Direct,88.17,C,1
2.1,6.04,0,16.94,Direct,86.06,C,0
0.5,0.97,1,29.89,Google,30.25,C,0
2.98,6.66,0,10.26,Facebook,131.19,B,0
3.47,10.53,0,61.12,Google,67.69,A,0
8.66,25.11,0,29.0,Instagram,69.3,B,0
3.84,10.51,0,10.0,Google,25.35,A,0
5.73,17.49,0,20.11,Google,160.63,A,1
0.52,2.0,1,64.21,Google,124.82,B,0
5.52,13.52,0,55.36,Direct,90.86,B,0
0.88,2.46,1,72.1,Direct,117.89,C,1
4.22,10.27,0,119.23,Facebook,66.57,C,1
3.1,7.47,0,36.69,Direct,146.82,A,0
5.15,10.55,0,10.0,Google,89.45,A,0
6.59,22.04,0,33.53,Instagram,83.68,C,0
1.66,4.31,0,10.0,Google,62.22,B,0
2.16,7.05,1,38.62,Google,134.08,C,0
5.48,14.76,0,128.94,Google,141.93,D,1
6.72,13.89,1,204.79,Direct,56.07,C,1
8.54,21.43,1,182.6,Facebook,133.27,B,0
3.82,10.79,0,12.31,Google,101.63,A,0
1.27,3.32,1,57.49,Google,19.32,B,1
5.47,8.7,0,17.52,Google,188.69,B,0
3.01,7.56,0,17.53,Facebook,117.21,A,0
2.69,6.2,0,25.5,Google,69.18,B,0
8.52,19.54,0,53.32,Instagram,13.47,C,0
6.55,11.89,0,10.0,Direct,69.37,A,1
3.18,10.95,0,43.77,Instagram,97.08,B,0
4.95,14.82,1,94.52,Google,92.17,C,0
4.79,9.99,0,50.44,Google,126.71,B,0
5.41,12.93,0,35.63,Google,93.29,B,0
3.99,12.54,0,17.95,Direct,34.04,B,0
0.5,0.84,0,10.0,Instagram,90.26,B,0
2.56,8.41,1,10.0,Google,104.69,D,0
3.67,9.84,0,26.99,Google,150.07,A,0
5.07,13.88,0,59.32,Facebook,101.48,A,0
2.29,5.55,0,28.38,Google,67.46,C,0
5.47,14.87,0,53.65,Instagram,98.15,C,0
4.05,14.08,0,188.79,Direct,37.41,C,0
3.1,7.92,1,147.39,Google,98.31,D,0
1.82,3.93,1,19.21,Google,101.41,D,0
6.12,13.69,0,28.65,Direct,147.5,A,0
6.06,18.32,1,10.0,Direct,189.78,C,1
7.0,18.48,0,22.64,Instagram,121.56,D,0
6.37,16.69,1,79.27,Instagram,107.45,C,1
6.56,14.6,1,93.0,Google,105.9,A,0
5.96,19.1,0,10.0,Google,104.93,D,1
0.6,1.55,0,39.25,Facebook,72.11,B,0
4.3,9.02,1,60.24,Google,126.75,A,0
1.42,2.31,0,49.71,Facebook,94.16,D,0
8.42,15.9,1,59.0,Google,77.78,C,1
4.96,13.42,0,190.23,Facebook,131.96,D,0
8.17,16.84,0,10.0,Direct,61.62,B,1
2.42,3.6,0,63.6,Google,128.86,D,0
4.77,9.92,0,91.12,Instagram,45.4,B,0
5.66,13.73,0,81.77,Instagram,48.9,B,0
4.17,11.67,0,45.37,Direct,56.3,C,0
5.47,6.75,1,68.04,Direct,50.16,B,0
8.71,21.54,1,10.0,Google,113.79,A,0
2.42,7.14,1,49.18,Google,148.52,D,0
0.5,1.03,0,25.21,Google,71.78,D,0
9.0,19.91,1,62.96,Instagram,131.26,B,0
3.02,7.86,0,88.52,Direct,-55.71,A,0
7.81,15.64,0,34.24,Direct,15.4,D,1
6.63,13.54,0,10.0,Google,83.5,D,0
4.46,10.89,0,22.91,Google,90.45,B,0
5.95,15.4,1,37.51,Facebook,187.73,D,1
2.15,5.99,0,10.0,Facebook,117.85,A,0
5.21,13.08,0,10.0,Google,149.16,D,0
6.49,16.22,0,12.84,Direct,126.08,C,1
3.06,8.04,0,97.99,Google,157.43,B,0
4.05,8.35,1,50.12,Google,108.42,D,1
5.78,8.39,0,66.18,Google,72.18,B,0
8.31,17.02,0,74.18,Google,102.25,A,1
4.99,11.27,0,53.2,Facebook,90.52,B,0
3.92,8.2,0,46.06,Google,85.45,A,0
4.63,8.95,0,38.75,Google,99.26,D,0
7.9,23.95,0,70.82,Google,153.03,D,1
3.4,7.08,0,45.49,Facebook,182.09,B,0
